0.05535179, -0.07675083
0.05680489, -0.07847273
0.05830932, -0.08037421
0.0594613, -0.08203697
0.06081548, -0.08407168
0.06205809, -0.08636273
0.06320836, -0.08845961
0.06436695, -0.09037691
0.06574516, -0.09255576
0.06706401, -0.09492646
0.06839789, -0.09745841
0.06980856, -0.09985426
0.07099848, -0.1017785
0.07247556, -0.1041072
0.07382254, -0.1060876
0.07520277, -0.1082123
0.07642527, -0.1102023
0.07743996, -0.1121797
0.07810488, -0.1141208
0.07859682, -0.1159938
0.07900168, -0.1179142
0.0789216, -0.1197233
0.07833545, -0.1213144
0.07717478, -0.1227376
0.07567839, -0.1238323
0.07362067, -0.1249598
0.07078298, -0.1262978
0.0670314, -0.128037
0.06287051, -0.129765
0.05879702, -0.1313196
0.05423836, -0.1331318
0.04917612, -0.1352153
0.04474718, -0.1371025
0.03988585, -0.139063
0.03515183, -0.1409573
0.03114668, -0.1424026
0.02644765, -0.1441953
0.02108777, -0.1462633
0.01574393, -0.1480717
0.0100584, -0.1500044
0.004476689, -0.1513706
-0.0009385397, -0.1525546
-0.006302178, -0.1538057
-0.01315248, -0.1556365
-0.02048791, -0.1577189
-0.02807861, -0.1601285
-0.03569251, -0.1624196
-0.04083948, -0.1639843
-0.04953659, -0.1669075
-0.05790913, -0.1702518
-0.06617414, -0.1740696
-0.07447346, -0.1789784
-0.08232334, -0.1848432
-0.08915501, -0.1905035
-0.09535769, -0.1955804
-0.1025407, -0.2014344
-0.1095247, -0.2068277
-0.1163119, -0.2117305
-0.1224265, -0.2163492
-0.1269308, -0.2200395
-0.131652, -0.2235884
-0.1370537, -0.2268067
-0.1428041, -0.2287266
-0.1492061, -0.229697
-0.1557481, -0.2298006
-0.162171, -0.2289534
-0.1687128, -0.2273992
-0.1755328, -0.2247168
-0.1832781, -0.2204795
-0.191587, -0.2146949
-0.1996368, -0.2081925
-0.2073145, -0.2015845
-0.2169884, -0.1931659
-0.2271818, -0.1842709
-0.2377825, -0.1749379
-0.2486821, -0.1653834
-0.2556784, -0.1588893
-0.2658207, -0.1487355
-0.2756311, -0.1382128
-0.284081, -0.1284864
-0.2922648, -0.1196716
-0.3005162, -0.1102884
-0.3067994, -0.1017958
-0.3123747, -0.09373004
-0.3173721, -0.0862674
-0.3221893, -0.07968327
-0.3262936, -0.07434051
-0.3295229, -0.07001802
-0.3313664, -0.06680421
-0.3320374, -0.06413604
-0.3311335, -0.06120908
-0.3287091, -0.05831975
-0.3255694, -0.0559366
-0.3195311, -0.05281634
-0.3153407, -0.05147486
-0.3094169, -0.05031037
-0.3025597, -0.04934982
-0.2925973, -0.04855596
-0.2854885, -0.04813509
-0.2745789, -0.04736747
-0.2617098, -0.04661787
-0.2532421, -0.04621825
-0.2420818, -0.04607975
-0.2293382, -0.04625399
-0.2187734, -0.04673843
-0.2068012, -0.04721342
-0.1991186, -0.04729109
-0.1884134, -0.0472315
-0.1752884, -0.04686425
-0.1651541, -0.04626706
-0.1558101, -0.04512993
-0.1468994, -0.04356752
-0.1363513, -0.0414504
-0.1293675, -0.04002465
-0.1222388, -0.03845242
-0.115712, -0.03714444
-0.1091931, -0.03596444
-0.104034, -0.03490973
-0.101273, -0.03408995
-0.09839965, -0.03239406
-0.09679069, -0.03099445
-0.09640895, -0.03015852
-0.09670688, -0.03001857
-0.09746341, -0.03044181
-0.09857756, -0.03131825
-0.1001471, -0.03281313
-0.102203, -0.03467931
-0.1046749, -0.03673166
-0.107031, -0.03824576
-0.109278, -0.03960586
-0.1123537, -0.04164481
-0.1171102, -0.0447193
-0.1209532, -0.04741193
-0.1253842, -0.05064721
-0.1287672, -0.05311872
-0.1325804, -0.05592788
-0.1382209, -0.0598067
-0.1443549, -0.0635372
-0.149135, -0.06611228
-0.1540487, -0.06864959
-0.1590665, -0.07097899
-0.1653074, -0.07333628
-0.1714951, -0.07563622
-0.1766036, -0.07796536
-0.1815105, -0.08107
-0.1869857, -0.085288
-0.1921825, -0.08965231
-0.1970916, -0.09378932
-0.2010435, -0.09723595
-0.206134, -0.1017098
-0.2109165, -0.1063963
-0.2164155, -0.1121376
-0.2197508, -0.1157297
-0.223124, -0.1190209
-0.2258654, -0.1217132
-0.2286825, -0.1243875
-0.2318287, -0.127491
-0.2337807, -0.1296189
-0.2347947, -0.1307692
-0.2357079, -0.132036
-0.2360317, -0.1331917
-0.2355656, -0.1333906
-0.2342302, -0.1331172
-0.2313579, -0.1322808
-0.2293047, -0.1317253
-0.2258975, -0.1312157
-0.2233458, -0.1311557
-0.2198, -0.1311372
-0.215731, -0.1312526
-0.2132914, -0.1313127
-0.2097612, -0.1317987
-0.2066091, -0.132336
-0.2028714, -0.1333796
-0.2001785, -0.1346207
-0.1971321, -0.1368111
-0.1948956, -0.1387734
-0.1931985, -0.1406708
-0.1919692, -0.1426804
-0.1917391, -0.1445903
-0.1928607, -0.1461934
-0.1955745, -0.146708
-0.1994187, -0.1462034
-0.2040865, -0.144484
-0.2107347, -0.1409678
-0.2187391, -0.1366464
-0.2267312, -0.1318015
-0.2343775, -0.1271291
-0.2419471, -0.1225812
-0.2492104, -0.1183597
-0.2568513, -0.114154
-0.2657743, -0.1098229
-0.2736839, -0.1062276
-0.2818351, -0.1034461
-0.2880101, -0.1014928
-0.2945476, -0.09917013
-0.3015907, -0.09669461
-0.3085496, -0.0944793
-0.315594, -0.0920761
-0.3222658, -0.08993957
-0.3283979, -0.0881661
-0.3356163, -0.08624917
-0.3427079, -0.08452962
-0.3491511, -0.08281501
-0.3559095, -0.08107239
-0.3611453, -0.07982266
-0.3660974, -0.07843906
-0.3716017, -0.07695431
-0.3757791, -0.07523646
-0.3800761, -0.07267994
-0.3845102, -0.06983452
-0.3882971, -0.0668181
-0.3927234, -0.06299713
-0.397452, -0.0577727
-0.4014871, -0.0522562
-0.4043197, -0.04705018
-0.4077409, -0.04201001
-0.4106196, -0.03731917
-0.4133824, -0.03184825
-0.4158503, -0.02652389
-0.4183035, -0.02182356
-0.4210602, -0.01760389
-0.4235201, -0.01366559
-0.4257115, -0.01052017
-0.4281259, -0.008601636
-0.429598, -0.007601529
-0.4318337, -0.005925253
-0.4376394, -0.002036244
-0.4409253, 0.0008057058
-0.4457862, 0.0009652674
-0.4498336, 0.002058715
-0.4542243, 0.002171174
-0.4575534, 0.002800971
-0.4608094, 0.002918273
-0.4640017, 0.002395943
-0.4668555, 0.001511782
-0.4692661, 0.0006397143
-0.4721758, -0.0007378608
-0.4757438, -0.003097326
-0.4787149, -0.003589608
-0.4811764, -0.003902733
-0.4838837, -0.003873706
-0.4872372, -0.003451973
-0.4901069, -0.002331361
-0.4924553, -0.0009362996
-0.4945059, 0.0003113002
-0.4957349, 0.001150757
-0.4964982, 0.001403183
-0.4971907, 0.0009328872
-0.498071, -0.001102939
-0.4993451, -0.002537332
-0.4999952, -0.004143931
-0.5001089, -0.005707651
-0.4999164, -0.007532492
-0.4985164, -0.009120718
-0.4966964, -0.01079622
-0.494104, -0.01313077
-0.4909854, -0.01482673
-0.4884218, -0.01616477
-0.4861061, -0.01693164
-0.483188, -0.01760066
-0.4810835, -0.01824315
-0.4796214, -0.01906201
-0.4780994, -0.01965149
-0.4768211, -0.01995086
-0.475668, -0.02029371
-0.4743419, -0.02049404
-0.4730472, -0.02068433
-0.4714541, -0.02074887
-0.4699314, -0.02076434
-0.4685543, -0.02073953
-0.467174, -0.02043991
-0.4656472, -0.02015918
-0.4641207, -0.01992327
-0.4627598, -0.01967114
-0.4615413, -0.01898546
-0.4603748, -0.01798663
-0.4588563, -0.01608053
-0.4571199, -0.01341318
-0.4548613, -0.01018238
-0.4529556, -0.005774833
-0.4510911, -0.0007907351
-0.4481371, 0.005890891
-0.4431987, 0.01302895
-0.4379115, 0.01943311
-0.4339343, 0.02474798
-0.4309282, 0.02865899
-0.4293394, 0.0316442
-0.4292991, 0.03435948
-0.4297678, 0.03925079
-0.4305213, 0.04346512
-0.4313475, 0.04943708
-0.4314863, 0.05541007
-0.4304036, 0.0609968
-0.4281264, 0.06703099
-0.423774, 0.07474869
-0.4180949, 0.0831673
-0.4104386, 0.09163295
-0.4017606, 0.1006158
-0.3944895, 0.1088556
-0.3892536, 0.114535
-0.3828737, 0.1213713
-0.3744118, 0.1305217
-0.3651805, 0.1410341
-0.3569311, 0.1507251
-0.3493912, 0.1592865
-0.3415788, 0.1682782
-0.3348846, 0.1768927
-0.329696, 0.1858084
-0.326581, 0.1938877
-0.3247491, 0.2023171
-0.3245458, 0.2111354
-0.3260396, 0.2217333
-0.3299319, 0.2331151
-0.3368834, 0.245304
-0.3463764, 0.258317
-0.3558023, 0.2700791
-0.3655589, 0.2817137
-0.3775128, 0.2963332
-0.3905719, 0.3126562
-0.4022182, 0.3278129
-0.4151492, 0.3461648
-0.4253796, 0.3613995
-0.4356717, 0.3784086
-0.4462669, 0.3985719
-0.4562815, 0.4223866
-0.4628439, 0.4412807
-0.4694003, 0.4628473
-0.4743542, 0.4813608
-0.4787263, 0.5005567
-0.4827882, 0.5206834
-0.4863826, 0.543532
-0.4890327, 0.5657793
-0.4904054, 0.5850558
-0.4907426, 0.6061119
-0.4895699, 0.6229339
-0.4863034, 0.6431339
-0.4810831, 0.6632977
-0.4724173, 0.6857547
-0.4608254, 0.7073449
-0.4480468, 0.7253135
-0.432671, 0.7432038
-0.4148545, 0.7620199
-0.4003355, 0.777034
-0.3826437, 0.7952799
-0.3723422, 0.8058066
-0.3585541, 0.8207846
-0.3486935, 0.8329058
-0.3381592, 0.8488377
-0.331006, 0.8623206
-0.3216855, 0.8807323
-0.3139665, 0.8936937
-0.3042492, 0.9078033
-0.2934735, 0.9222701
-0.2811395, 0.9399362
-0.2715354, 0.9561462
-0.2646625, 0.9702059
-0.2569667, 0.9894919
-0.2518666, 1.006051
-0.2468188, 1.025541
-0.242735, 1.044874
-0.2394617, 1.061431
-0.2362648, 1.077544
-0.2317733, 1.095936
-0.2275599, 1.111615
-0.2228446, 1.12665
-0.218895, 1.138158
-0.2147412, 1.149638
-0.2121641, 1.156858
-0.2105993, 1.161255
-0.2093648, 1.163595
-0.2078717, 1.164094
-0.2060497, 1.162659
-0.2042355, 1.159125
-0.2031973, 1.153739
-0.2030654, 1.146752
-0.2037693, 1.139542
-0.205772, 1.12904
-0.207926, 1.120429
-0.2107219, 1.107927
-0.2126378, 1.097345
-0.2135773, 1.088706
-0.2135464, 1.073438
-0.2122662, 1.060284
-0.2104196, 1.047864
-0.2075929, 1.033692
-0.204714, 1.023414
-0.2005732, 1.012316
-0.1945404, 0.9996275
-0.188478, 0.9896165
-0.1793233, 0.9771516
-0.170551, 0.9678993
-0.1584046, 0.9581144
-0.1460219, 0.9504476
-0.1311451, 0.9434481
-0.1087366, 0.935752
-0.08597763, 0.9300054
-0.06356228, 0.9259885
-0.03511021, 0.9222967
-0.007796276, 0.9199468
0.02362984, 0.9186671
0.06222142, 0.918718
0.1013521, 0.9199759
0.1427903, 0.9219463
0.180942, 0.9237573
0.2132369, 0.9251074
0.2595036, 0.9256803
0.3013479, 0.9232702
0.3430352, 0.9171969
0.3777031, 0.9094568
0.4220239, 0.8968259
0.462353, 0.8837264
0.5002463, 0.8699168
0.5440689, 0.8522569
0.5866362, 0.8329545
0.6241872, 0.8139658
0.6594242, 0.7943166
0.6994327, 0.7702422
0.7473061, 0.7404377
0.7895548, 0.7144374
0.8292726, 0.6919483
0.8698211, 0.6713762
0.9047282, 0.6560596
0.9477547, 0.6396685
0.9906846, 0.6242074
1.034697, 0.608386
1.085887, 0.5899965
1.123992, 0.576619
1.165116, 0.5632586
1.216369, 0.5484073
1.263318, 0.5361935
1.313818, 0.5240332
1.366544, 0.5106713
1.406486, 0.4985665
1.451335, 0.4823031
1.502415, 0.4601342
1.54464, 0.4390123
1.588971, 0.4157542
1.630736, 0.3928815
1.672223, 0.3690355
1.711111, 0.34527
1.757385, 0.3142718
1.797747, 0.2844286
1.840087, 0.2511392
1.88448, 0.2146964
1.92197, 0.184048
1.961962, 0.1538146
2.005474, 0.1260721
2.04174, 0.106204
2.07839, 0.08843784
2.109827, 0.0745609
2.144588, 0.06053087
2.17873, 0.04743728
2.215248, 0.03466101
2.251893, 0.02324749
2.289056, 0.01308481
2.321965, 0.005426466
2.35673, -0.001489356
2.38995, -0.00806386
2.423009, -0.01550636
2.456809, -0.02434411
2.487792, -0.03400038
2.507242, -0.04933167
2.526693, -0.06466295
2.546143, -0.07999423
2.565594, -0.09532551
2.585044, -0.1106568
2.604495, -0.1259881
2.623945, -0.1413194
2.643395, -0.1566506
2.662846, -0.1719819
2.682296, -0.1873132
2.701747, -0.2026445
2.721197, -0.2179758
2.740648, -0.2333071
2.760098, -0.2486383
2.779548, -0.2639696
2.798999, -0.2793009
2.818449, -0.2946322
2.8379, -0.3099635
2.85735, -0.3252948
2.876801, -0.3406261
2.896251, -0.3559574
2.896597, -0.3659903
2.897595, -0.375273
2.898896, -0.3827405
2.900114, -0.386266
2.902733, -0.3923851
2.906798, -0.3979771
2.910844, -0.401171
2.916183, -0.4037016
2.924261, -0.4052844
2.933215, -0.4048218
2.94441, -0.4029562
2.957878, -0.399782
2.96911, -0.396909
2.982588, -0.3937175
3.000294, -0.389897
3.017172, -0.3869671
3.036853, -0.3853723
3.058169, -0.3855792
3.082596, -0.3878028
3.105715, -0.3912404
3.131767, -0.3961791
3.161859, -0.4031306
3.190567, -0.4108619
3.218795, -0.4195865
3.248005, -0.4298403
3.282866, -0.4437971
3.319153, -0.4599272
3.356167, -0.4775044
3.393573, -0.4956989
3.428606, -0.5120384
3.459408, -0.5244485
3.50022, -0.5377875
3.541377, -0.548694
3.582941, -0.5573572
3.625082, -0.5649736
3.66282, -0.5713077
3.701934, -0.5773819
3.751445, -0.5841731
3.796178, -0.5887374
3.845191, -0.5918878
3.895498, -0.5933299
3.940284, -0.5942901
3.985297, -0.5956652
4.038401, -0.5991504
4.092062, -0.6050612
4.147668, -0.6133809
4.196218, -0.6219092
4.241647, -0.6304566
4.287776, -0.6393061
4.34125, -0.650052
4.398912, -0.6628998
4.449466, -0.6766409
4.507241, -0.6945912
4.558548, -0.7118735
4.612543, -0.7296317
4.665856, -0.7454063
4.718937, -0.7583821
4.771893, -0.7693874
4.822982, -0.7799837
4.869372, -0.7899611
4.922048, -0.8018335
4.979396, -0.8149504
5.037095, -0.826434
5.095638, -0.8354466
5.146393, -0.8415945
5.19698, -0.84702
5.261797, -0.8549623
5.313068, -0.8632212
5.371437, -0.8747522
5.428369, -0.8873947
5.482137, -0.899847
5.526452, -0.9106586
5.583001, -0.9247739
5.640885, -0.9398591
5.698518, -0.9565784
5.755562, -0.9755625
5.810235, -0.9950115
5.869157, -1.016538
5.910477, -1.031666
5.966389, -1.050177
6.022617, -1.065446
6.076202, -1.078265
6.122258, -1.088692
6.169213, -1.09945
6.230503, -1.113936
6.281316, -1.12621
6.338815, -1.138872
6.386616, -1.147681
6.441528, -1.156376
6.499211, -1.165183
6.549026, -1.174241
6.604267, -1.18565
6.659123, -1.199243
6.704862, -1.212642
6.749372, -1.226658
6.800548, -1.243078
6.853473, -1.260488
6.912331, -1.281395
6.956162, -1.298409
6.999552, -1.316649
7.042814, -1.33547
7.091637, -1.357203
7.138488, -1.37776
7.18511, -1.395498
7.232606, -1.40965
7.266673, -1.417904
7.302042, -1.425146
7.346897, -1.433302
7.384478, -1.439376
7.429573, -1.446109
7.464524, -1.45049
7.497177, -1.453743
7.542382, -1.456321
7.576431, -1.457296
7.608812, -1.458151
7.643823, -1.459446
7.680305, -1.462477
7.714333, -1.466561
7.740473, -1.470403
7.764047, -1.474115
7.791018, -1.478373
7.819057, -1.483059
7.846087, -1.488333
7.871359, -1.494401
7.894223, -1.500819
7.915787, -1.506786
7.93686, -1.512501
7.956981, -1.518063
7.973569, -1.522621
7.989773, -1.526946
8.008463, -1.531134
8.026999, -1.534336
8.044719, -1.536704
8.062861, -1.53835
8.08906, -1.534414
8.115258, -1.530478
8.141457, -1.526542
8.167655, -1.522606
8.193853, -1.51867
8.22005, -1.514734
8.217744, -1.524276
8.215899, -1.532036
8.212672, -1.543849
8.209483, -1.553105
8.206154, -1.562357
8.203747, -1.570754
8.203174, -1.577585
8.203747, -1.581025
8.204659, -1.586008
8.206503, -1.590673
8.208631, -1.594476
8.213161, -1.59964
8.218863, -1.603976
8.226413, -1.608417
8.234498, -1.612027
8.244234, -1.615185
8.257239, -1.61827
8.271727, -1.62071
8.287552, -1.622779
8.305157, -1.624561
8.321915, -1.625644
8.340226, -1.626133
8.356911, -1.626074
8.380217, -1.624635
8.404435, -1.621969
8.429269, -1.618402
8.453907, -1.615317
8.478767, -1.613814
8.503408, -1.613447
8.526031, -1.613957
8.547442, -1.615101
8.565639, -1.616807
8.583831, -1.619269
8.604584, -1.623293
8.625126, -1.628427
8.644929, -1.634382
8.664171, -1.641309
8.680285, -1.647593
8.699448, -1.655641
8.713428, -1.661936
8.729816, -1.669729
8.745025, -1.677257
8.760252, -1.685281
8.772605, -1.691964
8.78112, -1.696923
8.788857, -1.701208
8.797439, -1.706316
8.805212, -1.710955
8.81241, -1.714553
8.818241, -1.716256
8.823402, -1.716473
8.828142, -1.714432
8.831606, -1.710636
8.83289, -1.705456
8.831568, -1.699555
8.828494, -1.694592
8.823407, -1.689915
8.815257, -1.6852
8.807227, -1.681575
8.798129, -1.678491
8.789745, -1.675755
8.781115, -1.67264
8.771275, -1.667983
8.761835, -1.662718
8.752337, -1.658123
8.738147, -1.65244
8.726094, -1.648386
8.712845, -1.6449
8.695272, -1.641122
8.675444, -1.637989
8.651736, -1.635094
8.630592, -1.632592
8.608199, -1.629476
8.586915, -1.626255
8.561069, -1.621447
8.53963, -1.616428
8.519249, -1.610623
8.500539, -1.604492
8.487823, -1.599727
8.47647, -1.594624
8.465385, -1.588814
8.455545, -1.582546
8.449731, -1.577869
8.445293, -1.573241
8.442968, -1.56976
8.441744, -1.565902
8.442351, -1.561948
8.444608, -1.557528
8.44838, -1.553156
8.453532, -1.548263
8.457948, -1.543478
8.462073, -1.537505
8.466743, -1.530962
8.472049, -1.524777
8.47805, -1.520236
8.483832, -1.517514
8.489955, -1.515696
8.495042, -1.514549
8.498417, -1.512916
8.49939, -1.509547
8.497391, -1.505309
8.493363, -1.500408
8.486104, -1.493324
8.478209, -1.486626
8.466784, -1.478448
8.455091, -1.471316
8.440805, -1.463361
8.426293, -1.455819
8.407698, -1.446593
8.389466, -1.438017
8.366648, -1.427462
8.339708, -1.415501
8.313849, -1.404238
8.287465, -1.392993
8.26158, -1.382264
8.226659, -1.382061
8.239724, -1.380324
8.253402, -1.378678
8.273829, -1.376691
8.290313, -1.375469
8.275301, -1.395828
8.260289, -1.416188
8.245277, -1.436547
8.230266, -1.456907
8.215254, -1.477266
8.200242, -1.497625
8.18523, -1.517985
8.170218, -1.538344
8.155207, -1.558704
8.140195, -1.579063
8.125183, -1.599422
8.110171, -1.619782
8.09516, -1.640141
8.080148, -1.660501
8.065136, -1.68086
8.050124, -1.701219
8.035112, -1.721579
8.020101, -1.741938
8.005089, -1.762298
7.990077, -1.782657
7.975064, -1.803016
7.960052, -1.823376
7.94504, -1.843735
7.930027, -1.864094
7.915015, -1.884454
7.900003, -1.904813
7.884991, -1.925173
7.869978, -1.945532
7.854962, -1.965891
7.862219, -1.9641
7.869004, -1.962502
7.875049, -1.960767
7.879319, -1.959229
7.882915, -1.957636
7.88521, -1.955773
7.885038, -1.953961
7.883204, -1.952412
7.879831, -1.949239
7.875217, -1.945438
7.870623, -1.941482
7.863784, -1.934991
7.856497, -1.928979
7.849598, -1.923746
7.843876, -1.919288
7.838832, -1.915748
7.832338, -1.911679
7.823439, -1.907355
7.815653, -1.903843
7.807535, -1.900591
7.799715, -1.897029
7.789603, -1.892241
7.782183, -1.888458
7.772126, -1.882004
7.764018, -1.874815
7.755461, -1.863826
7.749995, -1.85232
7.745305, -1.838403
7.74197, -1.823361
7.740292, -1.80511
7.739999, -1.787071
7.740694, -1.767046
7.742096, -1.749547
7.744327, -1.728185
7.749376, -1.705939
7.756307, -1.679392
7.762778, -1.652341
7.77063, -1.623692
7.779072, -1.593908
7.784989, -1.573318
7.792919, -1.542261
7.797424, -1.517943
7.800873, -1.490947
7.802787, -1.463175
7.803317, -1.440031
7.802881, -1.42027
7.800892, -1.388417
7.798068, -1.361391
7.794446, -1.337426
7.787866, -1.30459
7.7819, -1.281658
7.775842, -1.262067
7.766693, -1.235985
7.757298, -1.209754
7.74929, -1.185304
7.741114, -1.156299
7.735204, -1.133412
7.729868, -1.111032
7.724468, -1.084878
7.719271, -1.057237
7.71408, -1.029415
7.709152, -1.001809
7.705193, -0.9745823
7.702676, -0.9481887
7.701434, -0.9205585
7.690349, -0.8978917
7.679263, -0.8752249
7.668178, -0.8525581
7.657092, -0.8298913
7.646007, -0.8072245
7.634921, -0.7845576
7.623836, -0.7618908
7.61275, -0.739224
7.601665, -0.7165572
7.590579, -0.6938904
7.579494, -0.6712236
7.568408, -0.6485568
7.557323, -0.62589
7.546237, -0.6032231
7.535151, -0.5805563
7.524066, -0.5578895
7.51298, -0.5352227
7.501893, -0.5125555
7.512449, -0.5105411
7.52227, -0.5101247
7.530994, -0.5110997
7.537228, -0.5123365
7.543167, -0.513664
7.548337, -0.5153536
7.551927, -0.51747
7.554564, -0.5193087
7.556442, -0.5208607
7.55752, -0.521694
7.557705, -0.5219132
7.557161, -0.521155
7.555748, -0.5186421
7.554028, -0.5145216
7.551961, -0.5095434
7.548613, -0.5023708
7.544455, -0.4939557
7.538948, -0.4831997
7.533249, -0.4723245
7.526442, -0.4595349
7.519729, -0.4457614
7.514688, -0.4345089
7.509314, -0.4201879
7.504618, -0.4043432
7.500224, -0.384034
7.497084, -0.362923
7.494543, -0.342105
7.492048, -0.3166053
7.490088, -0.2900664
7.488614, -0.2626991
7.486952, -0.2286096
7.485127, -0.195291
7.484423, -0.1644903
7.484833, -0.1386235
7.486369, -0.1022906
7.488029, -0.0649792
7.489091, -0.02032292
7.488417, 0.01657176
7.485893, 0.05249222
7.482383, 0.08600509
7.477213, 0.1278164
7.472174, 0.1652818
7.466172, 0.2065839
7.458703, 0.2524695
7.452202, 0.2892436
7.444975, 0.3275462
7.435372, 0.373662
7.425334, 0.4189398
7.413741, 0.4712864
7.403673, 0.5201143
7.396111, 0.5640381
7.389694, 0.6100492
7.384963, 0.6563524
7.381371, 0.7044063
7.377307, 0.7561107
7.37326, 0.8017998
7.36903, 0.8456681
7.364888, 0.8881301
7.361656, 0.9419147
7.361716, 0.9909726
7.363338, 1.044245
7.365701, 1.097368
7.366949, 1.148238
7.366096, 1.198844
7.362405, 1.249454
7.357092, 1.298829
7.351285, 1.348326
7.346371, 1.394354
7.342391, 1.439271
7.338699, 1.486198
7.333432, 1.546736
7.32674, 1.601204
7.318458, 1.656689
7.31093, 1.705927
7.30537, 1.745078
7.29937, 1.806337
7.296364, 1.861981
7.295507, 1.913901
7.295206, 1.972141
7.295296, 2.022195
7.295654, 2.06663
7.29699, 2.126365
7.300147, 2.183915
7.306463, 2.242248
7.315194, 2.300501
7.322756, 2.347162
7.331208, 2.399961
7.338432, 2.45479
7.343186, 2.509288
7.346038, 2.563286
7.347744, 2.612534
7.349405, 2.658199
7.351273, 2.708748
7.352888, 2.760004
7.35387, 2.822219
7.352832, 2.874243
7.350214, 2.926416
7.346165, 2.98477
7.342866, 3.039369
7.341367, 3.089351
7.342055, 3.147551
7.345325, 3.204748
7.348306, 3.244534
7.352514, 3.293488
7.357255, 3.345924
7.362079, 3.394862
7.369165, 3.453125
7.376436, 3.50115
7.383646, 3.542045
7.392093, 3.588018
7.401105, 3.636297
7.408466, 3.680717
7.414169, 3.734954
7.416999, 3.777447
7.418722, 3.815923
7.419675, 3.849563
7.420268, 3.895213
7.419941, 3.937999
7.418473, 3.979621
7.415335, 4.020795
7.411513, 4.05256
7.406243, 4.087858
7.400509, 4.125351
7.394897, 4.164855
7.390082, 4.203214
7.386002, 4.239261
7.382651, 4.271913
7.379315, 4.303239
7.375928, 4.335293
7.371649, 4.376637
7.368606, 4.413037
7.366656, 4.449464
7.365699, 4.484642
7.36055, 4.509367
7.355401, 4.534091
7.350252, 4.558815
7.345103, 4.58354
7.339954, 4.608264
7.334805, 4.632989
7.329657, 4.657713
7.324508, 4.682438
7.319359, 4.707162
7.31421, 4.731887
7.309061, 4.756611
7.303912, 4.781336
7.298763, 4.80606
7.293614, 4.830785
7.288465, 4.855509
7.283317, 4.880234
7.278168, 4.904958
7.273019, 4.929683
7.26787, 4.954407
7.262721, 4.979132
7.257572, 5.003856
7.252423, 5.028581
7.247274, 5.053305
7.242126, 5.07803
7.236977, 5.102754
7.231828, 5.127479
7.226684, 5.152203
7.242717, 5.155569
7.257245, 5.158933
7.270488, 5.161981
7.279621, 5.163603
7.290698, 5.165257
7.297546, 5.167329
7.300404, 5.171466
7.299405, 5.17819
7.295751, 5.18766
7.290471, 5.199362
7.284587, 5.210118
7.27422, 5.227163
7.263443, 5.24388
7.257899, 5.252941
7.251848, 5.264105
7.243031, 5.281953
7.234579, 5.302594
7.228168, 5.32398
7.222301, 5.352402
7.218973, 5.378183
7.216779, 5.404669
7.215922, 5.43244
7.215891, 5.464667
7.217089, 5.505478
7.219772, 5.541153
7.224716, 5.580653
7.231768, 5.620045
7.237764, 5.651315
7.24449, 5.691113
7.248213, 5.734935
7.248349, 5.773479
7.245747, 5.815874
7.242239, 5.855511
7.238364, 5.896462
7.234723, 5.935864
7.230443, 5.982499
7.22578, 6.028052
7.220273, 6.066942
7.211802, 6.110455
7.200953, 6.158819
7.189583, 6.204253
7.177709, 6.2531
7.167096, 6.307261
7.160034, 6.350376
7.154569, 6.394245
7.149056, 6.445827
7.142939, 6.502414
7.137029, 6.553978
7.130774, 6.610011
7.12607, 6.660919
7.12303, 6.717413
7.121089, 6.768536
7.119897, 6.82721
7.118561, 6.888551
7.115537, 6.941867
7.110188, 6.991754
7.10323, 7.036996
7.092898, 7.092721
7.082891, 7.142745
7.071848, 7.197838
7.059486, 7.258235
7.049099, 7.305753
7.037196, 7.354372
7.021584, 7.412055
7.004558, 7.472854
6.990519, 7.525269
6.977376, 7.582421
6.965418, 7.644899
6.956731, 7.702744
6.949211, 7.756212
6.940993, 7.818291
6.933537, 7.877717
6.928338, 7.92231
6.922374, 7.985181
6.918872, 8.040849
6.916199, 8.096581
6.912622, 8.16389
6.908956, 8.218437
6.903834, 8.267442
6.895419, 8.322246
6.885488, 8.368466
6.871424, 8.428472
6.860388, 8.473932
6.843679, 8.537915
6.830566, 8.585502
6.814856, 8.637478
6.79715, 8.690194
6.776128, 8.75112
6.755763, 8.808017
6.736243, 8.865984
6.722085, 8.91351
6.709323, 8.964821
6.699301, 9.013595
6.689258, 9.069118
6.678538, 9.132363
6.670515, 9.183022
6.661886, 9.240328
6.655514, 9.290022
6.650109, 9.346991
6.646432, 9.412051
6.645312, 9.472939
6.645813, 9.5318
6.644831, 9.588095
6.640845, 9.645598
6.633267, 9.70023
6.624878, 9.748287
6.616285, 9.793529
6.608611, 9.830746
6.599394, 9.870845
6.588917, 9.914379
6.577475, 9.958329
6.566008, 9.999455
6.550775, 10.04823
6.538193, 10.0848
6.526508, 10.11818
6.511147, 10.16308
6.495167, 10.21047
6.481546, 10.25516
6.48973, 10.27847
6.497914, 10.30179
6.506098, 10.3251
6.514282, 10.34841
6.522466, 10.37172
6.53065, 10.39504
6.538834, 10.41835
6.547018, 10.44166
6.555202, 10.46497
6.563385, 10.48829
6.571569, 10.5116
6.579753, 10.53491
6.58794, 10.55822
6.607879, 10.55855
6.625052, 10.55875
6.646946, 10.559
6.665654, 10.55875
6.680152, 10.5579
6.69437, 10.55701
6.707189, 10.55773
6.716898, 10.56117
6.723786, 10.56725
6.728847, 10.5763
6.732481, 10.58696
6.734488, 10.59786
6.734973, 10.60725
6.735816, 10.61962
6.736183, 10.63586
6.735007, 10.66269
6.733206, 10.67977
6.729111, 10.70631
6.724039, 10.7323
6.715441, 10.76834
6.705589, 10.80336
6.694489, 10.83833
6.683249, 10.87085
6.669822, 10.90825
6.6543, 10.94999
6.639329, 10.9902
6.626177, 11.02833
6.613573, 11.06621
6.601131, 11.10356
6.589406, 11.14091
6.576419, 11.18276
6.564096, 11.22134
6.548814, 11.26755
6.534916, 11.30734
6.519547, 11.35091
6.503468, 11.39869
6.485288, 11.45586
6.46784, 11.51105
6.450764, 11.56228
6.431482, 11.6108
6.408947, 11.65589
6.385342, 11.69655
6.356878, 11.73981
6.325562, 11.78394
6.297446, 11.82322
6.267435, 11.86599
6.243268, 11.90089
6.20822, 11.95005
6.172551, 11.99633
6.134444, 12.04171
6.105008, 12.07502
6.072447, 12.11174
6.037829, 12.15221
6.022037, 12.17196
6.006244, 12.19172
5.990452, 12.21147
5.97466, 12.23122
5.942495, 12.2766
5.91066, 12.32296
5.877522, 12.37008
5.849167, 12.40948
5.817039, 12.45332
5.782059, 12.50207
5.748178, 12.55263
5.71582, 12.60512
5.683949, 12.65823
5.657409, 12.70373
5.625973, 12.75432
5.586543, 12.809
5.551136, 12.85321
5.511479, 12.9018
5.482798, 12.93688
5.446096, 12.98027
5.406353, 13.02492
5.359866, 13.07345
5.327701, 13.10469
5.309999, 13.12129
5.292296, 13.1379
5.274594, 13.1545
5.237685, 13.19127
5.205409, 13.22577
5.168812, 13.26827
5.13445, 13.31013
5.099874, 13.35156
5.06619, 13.39116
5.048577, 13.41242
5.026845, 13.43815
4.987629, 13.48587
4.96069, 13.52056
4.920053, 13.57677
4.885436, 13.62693
4.858612, 13.66626
4.829218, 13.70718
4.801014, 13.744
4.758482, 13.79565
4.722645, 13.83849
4.686382, 13.88293
4.649809, 13.9296
4.613504, 13.97664
4.579322, 14.01971
4.541991, 14.06444
4.504635, 14.10835
4.467932, 14.15145
4.439819, 14.18633
4.406881, 14.23069
4.384305, 14.26423
4.350278, 14.31822
4.329032, 14.35275
4.301954, 14.39756
4.280263, 14.43452
4.261521, 14.46815
4.235147, 14.51909
4.212362, 14.56848
4.191061, 14.61818
4.172148, 14.66335
4.157205, 14.69841
4.137762, 14.74042
4.118167, 14.77759
4.096308, 14.81486
4.073176, 14.85358
4.054129, 14.88552
4.033923, 14.91987
4.015684, 14.95081
4.012898, 14.9555
4.007227, 14.96486
3.994417, 14.98522
3.981606, 15.00557
3.968796, 15.02593
3.955986, 15.04628
3.943176, 15.06664
3.925521, 15.09297
3.904238, 15.12543
3.885299, 15.15625
3.864856, 15.19187
3.851234, 15.2175
3.836308, 15.24703
3.824389, 15.27181
3.811195, 15.30088
3.802597, 15.3225
3.79446, 15.34787
3.789897, 15.36602
3.786595, 15.3789
3.781205, 15.39474
3.774708, 15.40829
3.767829, 15.41822
3.758327, 15.42847
3.750009, 15.43426
3.737721, 15.43956
3.727337, 15.44199
3.714514, 15.44428
3.699924, 15.44603
3.685159, 15.44648
3.671418, 15.44591
3.655627, 15.44494
3.638525, 15.44356
3.619426, 15.44222
3.604389, 15.44062
3.594131, 15.43712
3.586664, 15.43007
3.584017, 15.42413
3.581627, 15.41414
3.579181, 15.40093
3.576576, 15.3861
3.573162, 15.36648
3.570208, 15.35104
3.567187, 15.33633
3.563424, 15.31603
3.56074, 15.29827
3.55789, 15.28051
3.555215, 15.26291
3.552451, 15.24504
3.549341, 15.22676
3.545647, 15.20853
3.541169, 15.19181
3.535771, 15.17684
3.530035, 15.16322
3.526192, 15.15425
3.522503, 15.14495
3.517843, 15.13212
3.514929, 15.12387
3.512527, 15.11721
3.509832, 15.11013
3.508706, 15.1068
3.508543, 15.10355
3.510318, 15.10177
3.514064, 15.10124
3.517612, 15.10135
3.521727, 15.10159
3.524239, 15.10175
3.527051, 15.10184
3.530606, 15.10162
3.53351, 15.10163
3.535723, 15.10243
3.536524, 15.1039
3.536329, 15.10522
3.534155, 15.10773
3.53176, 15.10951
3.528425, 15.11178
3.521363, 15.11582
3.514359, 15.11888
3.507034, 15.12183
3.49966, 15.12441
3.489907, 15.12696
3.480718, 15.12877
3.47115, 15.13067
3.459524, 15.13279
3.447376, 15.13485
3.434607, 15.1368
3.411529, 15.14021
3.401077, 15.14167
3.382729, 15.14416
3.372801, 15.14558
3.356619, 15.14794
3.345512, 15.14942
3.330656, 15.15094
3.314071, 15.15181
3.300058, 15.15195
3.290973, 15.15139
3.279379, 15.14955
3.267298, 15.14552
3.255718, 15.13964
3.243814, 15.13196
3.231048, 15.12197
3.218904, 15.11043
3.207715, 15.0974
3.194286, 15.07859
3.181053, 15.05627
3.167866, 15.03074
3.154782, 15.00308
3.144298, 14.97865
3.131153, 14.942
3.121587, 14.90827
3.115279, 14.88263
3.107294, 14.84786
3.098843, 14.81336
3.086989, 14.7723
3.081535, 14.75621
3.071174, 14.72495
3.060703, 14.69371
3.049187, 14.66245
3.037137, 14.63207
3.02417, 14.60207
3.010497, 14.57209
2.996623, 14.54186
2.982924, 14.51093
2.969004, 14.47949
2.956974, 14.45361
2.9432, 14.4255
2.925197, 14.39093
2.907506, 14.35672
2.893937, 14.32739
2.882858, 14.29794
2.874495, 14.27188
2.867318, 14.24347
2.860703, 14.21282
2.854455, 14.18161
2.848466, 14.1488
2.842706, 14.11504
2.838067, 14.08358
2.834822, 14.05433
2.831727, 14.01756
2.829269, 13.9797
2.827453, 13.94698
2.824954, 13.90526
2.823055, 13.88349
2.819917, 13.86309
2.813148, 13.82466
2.804182, 13.78685
2.793849, 13.75128
2.784109, 13.72064
2.774654, 13.69152
2.763978, 13.6589
2.751771, 13.62297
2.738298, 13.58649
2.723269, 13.55017
2.706931, 13.51417
2.689716, 13.47849
2.669878, 13.4381
2.651442, 13.39894
2.636042, 13.36376
2.621773, 13.32727
2.610958, 13.29699
2.603078, 13.27302
2.591533, 13.23694
2.578178, 13.1953
2.566372, 13.15808
2.556776, 13.12541
2.548359, 13.09441
2.540163, 13.05992
2.532495, 13.02169
2.52553, 12.98358
2.5189, 12.94679
2.511918, 12.91209
2.501978, 12.87672
2.490282, 12.84172
2.480635, 12.81434
2.471398, 12.78682
2.461982, 12.7561
2.452185, 12.72456
2.444011, 12.69844
2.434685, 12.66964
2.423657, 12.63886
2.411561, 12.60791
2.399065, 12.57446
2.386598, 12.53851
2.376061, 12.50422
2.367203, 12.46739
2.359519, 12.42851
2.354663, 12.38709
2.352255, 12.35957
2.349407, 12.32275
2.346556, 12.28547
2.343995, 12.24621
2.343184, 12.20485
2.344944, 12.16088
2.34861, 12.11514
2.353014, 12.07674
2.358264, 12.03617
2.363244, 11.9831
2.364979, 11.94338
2.363322, 11.90426
2.360084, 11.86968
2.356304, 11.84232
2.35086, 11.81183
2.343921, 11.77722
2.336122, 11.74194
2.327249, 11.70649
2.316632, 11.67029
2.30744, 11.64318
2.293291, 11.60693
2.276709, 11.56972
2.257915, 11.53073
2.238709, 11.49263
2.223091, 11.46146
2.207322, 11.42779
2.196092, 11.3998
2.182606, 11.36306
2.171944, 11.33374
2.163825, 11.31239
2.150878, 11.28154
2.142863, 11.2639
2.130124, 11.23719
2.120924, 11.2185
2.110345, 11.19971
2.099267, 11.18294
2.089165, 11.17113
2.075859, 11.15975
2.060926, 11.14905
2.044434, 11.13864
2.027149, 11.12925
2.008245, 11.12175
1.987433, 11.10923
1.966621, 11.09671
1.945809, 11.0842
1.924997, 11.07168
1.904185, 11.05916
1.883373, 11.04664
1.862561, 11.03412
1.841749, 11.02161
1.820937, 11.00909
1.800125, 10.99657
1.779313, 10.98405
1.758501, 10.97153
1.737689, 10.95902
1.716877, 10.9465
1.696064, 10.93398
1.695767, 10.93289
1.696406, 10.93193
1.698218, 10.93096
1.700527, 10.93038
1.703503, 10.93032
1.708282, 10.93044
1.712989, 10.93103
1.718968, 10.93329
1.724558, 10.93746
1.729495, 10.94156
1.733281, 10.94485
1.735352, 10.94699
1.735306, 10.94836
1.732871, 10.95009
1.728159, 10.9516
1.721957, 10.95283
1.713643, 10.95351
1.705187, 10.95382
1.694688, 10.95319
1.683695, 10.95123
1.667772, 10.94507
1.654127, 10.9375
1.638322, 10.92809
1.61957, 10.91594
1.594801, 10.89876
1.576485, 10.88522
1.55725, 10.86945
1.534365, 10.84921
1.514701, 10.83017
1.49337, 10.80755
1.469488, 10.78233
1.445786, 10.75981
1.421219, 10.73892
1.39208, 10.71605
1.370986, 10.70043
1.344375, 10.68141
1.312044, 10.65884
1.281619, 10.63778
1.249275, 10.6161
1.215024, 10.59439
1.182292, 10.57522
1.155748, 10.56077
1.112549, 10.53901
1.074328, 10.52019
1.037062, 10.50041
1.00119, 10.47864
0.9725645, 10.45793
0.942613, 10.43211
0.9124956, 10.4027
0.883835, 10.37205
0.8564791, 10.34008
0.8300022, 10.30682
0.8065799, 10.27506
0.7860256, 10.24487
0.7624543, 10.20709
0.7400863, 10.16737
0.7189322, 10.12733
0.6984838, 10.08711
0.678618, 10.04786
0.6578238, 10.00908
0.6357261, 9.970004
0.6138351, 9.932777
0.5918241, 9.896134
0.5727385, 9.864888
0.5507164, 9.829395
0.5253544, 9.789284
0.4989133, 9.749231
0.470453, 9.709261
0.4500651, 9.684752
0.4265455, 9.656903
0.3976919, 9.623381
0.3618984, 9.582582
0.3317529, 9.545706
0.3032613, 9.50451
0.277868, 9.46104
0.259973, 9.427615
0.2410507, 9.393126
0.2166271, 9.349596
0.1979266, 9.315209
0.1747755, 9.270046
0.1533683, 9.221094
0.1401772, 9.184113
0.1276435, 9.142621
0.1150203, 9.097857
0.1025675, 9.052847
0.0896714, 9.008316
0.07488859, 8.964166
0.06044883, 8.924321
0.0493641, 8.893389
0.03542361, 8.854575
0.01596193, 8.798527
-0.0002357066, 8.752948
-0.01761995, 8.707277
-0.03657611, 8.661822
-0.05663593, 8.616783
-0.07700434, 8.57266
-0.0969446, 8.529392
-0.1155076, 8.485409
-0.1297458, 8.447789
-0.1437843, 8.405817
-0.1570433, 8.360413
-0.1700089, 8.314316
-0.1833066, 8.266989
-0.1972527, 8.218209
-0.2129024, 8.17067
-0.2241799, 8.128266
-0.2368796, 8.076569
-0.2486408, 8.025041
-0.2600425, 7.973951
-0.2729614, 7.923676
-0.2864282, 7.881962
-0.305525, 7.837672
-0.3302859, 7.79228
-0.3552001, 7.749908
-0.3814025, 7.708604
-0.4092549, 7.668311
-0.4360033, 7.63265
-0.4617694, 7.601401
-0.4942513, 7.564494
-0.5283011, 7.528424
-0.5622243, 7.493021
-0.5940288, 7.458384
-0.6184163, 7.42869
-0.6430988, 7.394518
-0.6648101, 7.361645
-0.6976461, 7.309751
-0.728328, 7.260829
-0.7544516, 7.220495
-0.7810343, 7.17903
-0.8077629, 7.13633
-0.8337578, 7.092272
-0.8594816, 7.046557
-0.8847233, 7.000908
-0.9074441, 6.960912
-0.9312233, 6.926554
-0.963055, 6.890372
-0.98738, 6.867173
-1.020576, 6.837736
-1.054723, 6.809347
-1.092696, 6.779294
-1.125972, 6.754527
-1.164287, 6.729302
-1.20509, 6.708149
-1.241955, 6.692288
-1.279457, 6.676737
-1.313944, 6.662427
-1.349, 6.646772
-1.393275, 6.621729
-1.426568, 6.600777
-1.459242, 6.578112
-1.493348, 6.554752
-1.523895, 6.535337
-1.558298, 6.514376
-1.597162, 6.49088
-1.636254, 6.466631
-1.67514, 6.441425
-1.713343, 6.415863
-1.747413, 6.393079
-1.778407, 6.374618
-1.816468, 6.357049
-1.853098, 6.344441
-1.890202, 6.334473
-1.926893, 6.326478
-1.9627, 6.319997
-1.997797, 6.316175
-2.027442, 6.316144
-2.063597, 6.320402
-2.093124, 6.326534
-2.115957, 6.331971
-2.139997, 6.337368
-2.166454, 6.341649
-2.190115, 6.34444
-2.211771, 6.346612
-2.232815, 6.348455
-2.251904, 6.350062
-2.268791, 6.35146
-2.288097, 6.352805
-2.306657, 6.35329
-2.324975, 6.352198
-2.343552, 6.349566
-2.358987, 6.346446
-2.375625, 6.342117
-2.392848, 6.33602
-2.409551, 6.329145
-2.425749, 6.322327
-2.441426, 6.315946
-2.454863, 6.310993
-2.466243, 6.306819
-2.479065, 6.302145
-2.491253, 6.298056
-2.502588, 6.294166
-2.513156, 6.289899
-2.521639, 6.285978
-2.530446, 6.282379
-2.539042, 6.279539
-2.546805, 6.278141
-2.554101, 6.278505
-2.561352, 6.280406
-2.56862, 6.283885
-2.575903, 6.288477
-2.583053, 6.294244
-2.590382, 6.300074
-2.597348, 6.305888
-2.603319, 6.310219
-2.608052, 6.313044
-2.61353, 6.316124
-2.618539, 6.31861
-2.622337, 6.320202
-2.625212, 6.321002
-2.626942, 6.320604
-2.626666, 6.319175
-2.623329, 6.31649
-2.61789, 6.312556
-2.610145, 6.308521
-2.59956, 6.306214
-2.591326, 6.305841
-2.580421, 6.30608
-2.565881, 6.307133
-2.54765, 6.309238
-2.527435, 6.312214
-2.507871, 6.314647
-2.489145, 6.315978
-2.47188, 6.317125
-2.450651, 6.318477
-2.429474, 6.319757
-2.409054, 6.3207
-2.389435, 6.321112
-2.373593, 6.321442
-2.363675, 6.321857
-2.353107, 6.322001
-2.334333, 6.322128
-2.314655, 6.321303
-2.30122, 6.320394
-2.283724, 6.318085
-2.271554, 6.315547
-2.261203, 6.313286
-2.25087, 6.310197
-2.245207, 6.307498
-2.239254, 6.303303
-2.235834, 6.300378
-2.232557, 6.296648
-2.230835, 6.293041
-2.231049, 6.289458
-2.232574, 6.286692
-2.235738, 6.283325
-2.239041, 6.280911
-2.244174, 6.278096
-2.250257, 6.27663
-2.255861, 6.276101
-2.259898, 6.274847
-2.261554, 6.272755
-2.261199, 6.269657
-2.257914, 6.264976
-2.251868, 6.258888
-2.235303, 6.239764
-2.218738, 6.220641
-2.202173, 6.201517
-2.185609, 6.182394
-2.169044, 6.16327
-2.152479, 6.144146
-2.135914, 6.125023
-2.119349, 6.105899
-2.102784, 6.086776
-2.08622, 6.067652
-2.069655, 6.048529
-2.05309, 6.029405
-2.036525, 6.010282
-2.01996, 5.991158
-2.003395, 5.972034
-1.98683, 5.952911
-1.970266, 5.93379
-1.985956, 5.930564
-2.00387, 5.927975
-2.016594, 5.926857
-2.026988, 5.926565
-2.03386, 5.926312
-2.038973, 5.92639
-2.041116, 5.926395
-2.040186, 5.925133
-2.035923, 5.921042
-2.030236, 5.916001
-2.023368, 5.908859
-2.01479, 5.90076
-2.003768, 5.889497
-1.99261, 5.876824
-1.981575, 5.862664
-1.971376, 5.847772
-1.960003, 5.827065
-1.954042, 5.813348
-1.946014, 5.791199
-1.938627, 5.765405
-1.93304, 5.740591
-1.927755, 5.712012
-1.923925, 5.686729
-1.919913, 5.655291
-1.917008, 5.623328
-1.915427, 5.585368
-1.914874, 5.548267
-1.914932, 5.512572
-1.915051, 5.477895
-1.913844, 5.444739
-1.910023, 5.407118
-1.904255, 5.371844
-1.894937, 5.333029
-1.884396, 5.296391
-1.873016, 5.261234
-1.858842, 5.220063
-1.844613, 5.183681
-1.826408, 5.142004
-1.806407, 5.101917
-1.789512, 5.070887
-1.76652, 5.031148
-1.743879, 4.992945
-1.719022, 4.948785
-1.697274, 4.905702
-1.679245, 4.864784
-1.662228, 4.824064
-1.645763, 4.783369
-1.628061, 4.737489
-1.612272, 4.693828
-1.59551, 4.642441
-1.581358, 4.592468
-1.570848, 4.549428
-1.561534, 4.506671
-1.55065, 4.452414
-1.540589, 4.403331
-1.529012, 4.354263
-1.515938, 4.30806
-1.502126, 4.264562
-1.488118, 4.224445
-1.472034, 4.17941
-1.455224, 4.132451
-1.437954, 4.084416
-1.419217, 4.036479
-1.401353, 3.995758
-1.379962, 3.953632
-1.354486, 3.907307
-1.329049, 3.86181
-1.305158, 3.815861
-1.284479, 3.768714
-1.267771, 3.724638
-1.250127, 3.674722
-1.23358, 3.624037
-1.220279, 3.578118
-1.208449, 3.531716
-1.198803, 3.481197
-1.193231, 3.439392
-1.188096, 3.385195
-1.185458, 3.340303
-1.184494, 3.283273
-1.185394, 3.239048
-1.186737, 3.192256
-1.187778, 3.147077
-1.18862, 3.098685
-1.188632, 3.045201
-1.187526, 3.002219
-1.185312, 2.955061
-1.181342, 2.908885
-1.175988, 2.863659
-1.168449, 2.813432
-1.160335, 2.766629
-1.15073, 2.715312
-1.14163, 2.665035
-1.13588, 2.626764
-1.130814, 2.57467
-1.127948, 2.527735
-1.125786, 2.486485
-1.122963, 2.441615
-1.118652, 2.389748
-1.114457, 2.341983
-1.111547, 2.301538
-1.108892, 2.251063
-1.107903, 2.2045
-1.108234, 2.154202
-1.108962, 2.107318
-1.109455, 2.056714
-1.108286, 2.009529
-1.104981, 1.955546
-1.101803, 1.920363
-1.099936, 1.875147
-1.104544, 1.825233
-1.101661, 1.793021
-1.097377, 1.749745
-1.09259, 1.706539
-1.086612, 1.665917
-1.077695, 1.616495
-1.072024, 1.587867
-1.064327, 1.548418
-1.057625, 1.50733
-1.052227, 1.464391
-1.049627, 1.433021
-1.047608, 1.394707
-1.0458, 1.358721
-1.044262, 1.327269
-1.04253, 1.28876
-1.041571, 1.249767
-1.04203, 1.210853
-1.044105, 1.169712
-1.046646, 1.136247
-1.049543, 1.106004
-1.052753, 1.070238
-1.05529, 1.035622
-1.054937, 1.010041
-1.054584, 0.9844605
-1.054231, 0.9588797
-1.053878, 0.9332989
-1.053525, 0.9077182
-1.053172, 0.8821374
-1.052819, 0.8565567
-1.052466, 0.8309759
-1.052113, 0.8053951
-1.05176, 0.7798144
-1.051407, 0.7542336
-1.051054, 0.7286528
-1.050701, 0.7030721
-1.050348, 0.6774913
-1.049995, 0.6519105
-1.049642, 0.6263298
-1.049289, 0.600749
-1.048936, 0.5751683
-1.048583, 0.5495875
-1.04823, 0.5240067
-1.047877, 0.498426
-1.047524, 0.472845
-1.063937, 0.4718999
-1.075137, 0.472063
-1.08888, 0.4729756
-1.097348, 0.4737539
-1.103483, 0.4738119
-1.106093, 0.4728141
-1.106392, 0.4693736
-1.104331, 0.4649991
-1.097954, 0.4565568
-1.091346, 0.4492913
-1.079484, 0.4380262
-1.066709, 0.428066
-1.051408, 0.4171474
-1.036831, 0.4059181
-1.019764, 0.3911357
-1.008224, 0.3802503
-0.991713, 0.3608413
-0.9779218, 0.3399422
-0.9671926, 0.3182707
-0.9565256, 0.2931823
-0.947794, 0.2685536
-0.9401116, 0.2405767
-0.9337847, 0.2097293
-0.928682, 0.1737797
-0.9254168, 0.1347042
-0.924193, 0.09849226
-0.9246514, 0.05419111
-0.9262632, 0.01603276
-0.9292296, -0.02995652
-0.9325269, -0.0765515
-0.9343088, -0.1222898
-0.9330962, -0.1675199
-0.9295485, -0.2040844
-0.9225018, -0.2475543
-0.9135773, -0.2882935
-0.9027919, -0.3334682
-0.8904532, -0.3802322
-0.8796954, -0.4222314
-0.8673649, -0.468267
-0.85346, -0.5154237
-0.8362176, -0.5664909
-0.8169256, -0.6191305
-0.7973143, -0.6715331
-0.7818214, -0.7164477
-0.7651727, -0.7739663
-0.7535058, -0.8246111
-0.7442099, -0.8743986
-0.736051, -0.9255304
-0.7284408, -0.9777767
-0.7214854, -1.025277
-0.7147814, -1.071075
-0.7080465, -1.125484
-0.7029104, -1.184431
-0.6998921, -1.237369
-0.6978601, -1.286958
-0.6945868, -1.343074
-0.6906723, -1.386484
-0.684058, -1.438484
-0.6750827, -1.492412
-0.6630932, -1.556073
-0.6546579, -1.600685
-0.6441687, -1.658804
-0.634975, -1.708814
-0.621587, -1.771621
-0.6072198, -1.826961
-0.5901459, -1.884636
-0.5730411, -1.940747
-0.5587325, -1.990237
-0.5464756, -2.038302
-0.5344898, -2.095482
-0.5245631, -2.151553
-0.5145035, -2.207276
-0.504217, -2.263536
-0.4964921, -2.309969
-0.4903132, -2.365504
-0.4870594, -2.427386
-0.4869472, -2.486778
-0.4907405, -2.55472
-0.4966128, -2.619279
-0.5024477, -2.683086
-0.5066456, -2.745757
-0.5076301, -2.807366
-0.5049953, -2.865811
-0.4999104, -2.926181
-0.4958401, -2.969035
-0.4900129, -3.027434
-0.4847611, -3.082503
-0.4786224, -3.141428
-0.4705824, -3.200776
-0.4613943, -3.252969
-0.4490286, -3.314391
-0.4389412, -3.364703
-0.4302057, -3.416086
-0.4223373, -3.482363
-0.4189656, -3.537588
-0.4174155, -3.592293
-0.4160123, -3.64197
-0.4148509, -3.68627
-0.4134185, -3.746046
-0.4128791, -3.802572
-0.4140881, -3.859625
-0.4173921, -3.917643
-0.4219067, -3.97014
-0.4275042, -4.018824
-0.4333974, -4.072128
-0.4373936, -4.124789
-0.4385316, -4.176346
-0.437443, -4.223834
-0.4352252, -4.263902
-0.4326458, -4.301166
-0.4291233, -4.344118
-0.4252339, -4.386232
-0.4211583, -4.427734
-0.4161462, -4.469538
-0.4099826, -4.510983
-0.4029455, -4.552685
-0.3960113, -4.594511
-0.3898747, -4.632892
-0.3838547, -4.674686
-0.3915623, -4.698264
-0.3992699, -4.721841
-0.4069775, -4.745419
-0.4146851, -4.768997
-0.4223927, -4.792574
-0.4301003, -4.816152
-0.4378079, -4.83973
-0.4455155, -4.863307
-0.453223, -4.886885
-0.4609306, -4.910463
-0.4686382, -4.934041
-0.4763458, -4.957618
-0.4840534, -4.981196
-0.4917612, -5.004774
-0.5106319, -5.005898
-0.532675, -5.0067
-0.5499078, -5.006492
-0.5628752, -5.006228
-0.5724874, -5.00692
-0.5838886, -5.010764
-0.5916471, -5.017019
-0.5968944, -5.025135
-0.6011884, -5.036485
-0.6044462, -5.050508
-0.6065485, -5.065326
-0.6087404, -5.085602
-0.6104739, -5.110865
-0.6114112, -5.136372
-0.6115322, -5.16673
-0.6105867, -5.196927
-0.6085991, -5.228467
-0.6042668, -5.270027
-0.5985503, -5.309123
-0.5914106, -5.353126
-0.5834078, -5.398786
-0.5769818, -5.435786
-0.5711018, -5.477076
-0.5668182, -5.519854
-0.5647836, -5.561996
-0.5638454, -5.603864
-0.5637155, -5.64644
-0.5640352, -5.681901
-0.5644959, -5.72389
-0.5652512, -5.770419
-0.5671988, -5.822272
-0.5704784, -5.869969
-0.5757698, -5.922293
-0.5812321, -5.969771
-0.5866348, -6.015407
-0.5924922, -6.071973
-0.595086, -6.125194
-0.5934644, -6.179306
-0.589348, -6.229101
-0.582707, -6.28472
-0.5761279, -6.334414
-0.5683625, -6.389014
-0.5590441, -6.448217
-0.5473455, -6.508015
-0.5382648, -6.546457
-0.5225145, -6.602387
-0.5062938, -6.656799
-0.4901808, -6.710667
-0.4757717, -6.765301
-0.4625929, -6.823499
-0.4537617, -6.867922
-0.4424134, -6.924662
-0.4312238, -6.979131
-0.4195054, -7.034151
-0.4061219, -7.096952
-0.3952751, -7.153057
-0.3855163, -7.214092
-0.3791406, -7.259528
-0.3702961, -7.327634
-0.3610669, -7.389782
-0.3498227, -7.449104
-0.3366534, -7.503541
-0.3204803, -7.562247
-0.3101215, -7.598225
-0.3034607, -7.621207
-0.2967998, -7.644188
-0.290139, -7.66717
-0.2746755, -7.719692
-0.2562528, -7.780278
-0.2345463, -7.84376
-0.2180148, -7.887873
-0.1944187, -7.945053
-0.1741686, -7.993497
-0.1496177, -8.05589
-0.130844, -8.109549
-0.1132101, -8.166306
-0.09535611, -8.229836
-0.08246627, -8.27596
-0.06408027, -8.340863
-0.04899174, -8.395962
-0.03401509, -8.454655
-0.02205829, -8.507575
-0.01191649, -8.55944
-0.001106083, -8.620501
0.009008437, -8.68409
0.01966134, -8.743318
0.03336847, -8.802326
0.04638644, -8.847878
0.06004047, -8.892744
0.07687268, -8.948793
0.09276733, -9.001943
0.1076874, -9.0522
0.1269014, -9.11592
0.1409376, -9.159532
0.1602985, -9.21269
0.1840339, -9.269858
0.1987889, -9.303572
0.219645, -9.351939
0.2382041, -9.398518
0.2568721, -9.452976
0.268481, -9.490612
0.2844778, -9.542423
0.2984198, -9.586174
0.3161347, -9.638582
0.3308421, -9.682495
0.3442954, -9.724871
0.3602594, -9.78042
0.3696011, -9.817719
0.3812339, -9.867783
0.3918468, -9.914179
0.4035581, -9.961454
0.4189361, -10.01481
0.4297769, -10.04545
0.4466456, -10.08552
0.4572159, -10.10847
0.4677862, -10.13143
0.4783565, -10.15438
0.4889269, -10.17734
0.4994972, -10.20029
0.5100675, -10.22324
0.5206379, -10.2462
0.5312082, -10.26915
0.5417786, -10.29211
0.5523489, -10.31506
0.5629193, -10.33801
0.5734896, -10.36097
0.58406, -10.38392
0.5946303, -10.40688
0.6052005, -10.42983
0.5987682, -10.43378
0.5910267, -10.43625
0.5855526, -10.43655
0.5873801, -10.46171
0.5892076, -10.48687
0.5910352, -10.51202
0.5928627, -10.53718
0.5946903, -10.56234
0.5965178, -10.5875
0.5983453, -10.61266
0.6001729, -10.63781
0.6020004, -10.66297
0.603828, -10.68813
0.6056555, -10.71329
0.607483, -10.73845
0.6093106, -10.7636
0.6111381, -10.78876
0.6129656, -10.81392
0.6147932, -10.83908
0.6166207, -10.86423
0.6184483, -10.88939
0.6202758, -10.91455
0.6221033, -10.93971
0.6239309, -10.96487
0.6257584, -10.99002
0.6275859, -11.01518
0.6294135, -11.04034
0.631241, -11.0655
0.6330686, -11.09066
0.6348961, -11.11581
0.6367235, -11.14098
0.6272044, -11.14038
0.6172643, -11.14003
0.6079246, -11.13941
0.6004611, -11.13915
0.5939698, -11.13947
0.5896634, -11.14011
0.5859476, -11.14118
0.5827097, -11.14285
0.5797489, -11.14519
0.5769067, -11.14782
0.5744075, -11.15035
0.5727657, -11.15253
0.5713909, -11.15468
0.5701493, -11.15684
0.568927, -11.15925
0.5673696, -11.16205
0.5670401, -11.16545
0.5679197, -11.16886
0.5695181, -11.17194
0.5711954, -11.17492
0.572709, -11.17748
0.5739776, -11.18015
0.5741222, -11.18324
0.5727931, -11.18667
0.5700796, -11.19107
0.5667378, -11.19643
0.5634465, -11.20271
0.5606265, -11.2093
0.5587866, -11.21478
0.5577224, -11.22099
0.5573063, -11.22742
0.5576351, -11.23461
0.5592747, -11.24302
0.5617024, -11.2508
0.565089, -11.26024
0.5695395, -11.26974
0.574683, -11.2803
0.5824631, -11.29528
0.5895826, -11.30787
0.6000448, -11.32506
0.6097199, -11.34017
0.6197814, -11.35555
0.6337698, -11.37597
0.6450226, -11.39271
0.6566257, -11.41182
0.6649649, -11.42783
0.6744156, -11.44809
0.6802669, -11.46333
0.6847469, -11.47976
0.6884334, -11.49804
0.6913738, -11.5161
0.6938643, -11.53644
0.6954427, -11.55426
0.6963989, -11.57701
0.6958946, -11.60204
0.6939799, -11.62287
0.6907419, -11.6483
0.687162, -11.67197
0.6986938, -11.69311
0.7102255, -11.71424
0.7217573, -11.73538
0.7332891, -11.75652
0.7448208, -11.77765
0.7563527, -11.79879
0.7602122, -11.79391
0.7633541, -11.78757
0.763868, -11.78318
0.7631548, -11.77796
0.7608511, -11.77079
0.758661, -11.76517
0.7561173, -11.75934
0.7541997, -11.7548
0.7525417, -11.75085
0.7514262, -11.74879
0.7510985, -11.74842
0.7517301, -11.75
0.7536515, -11.75322
0.7563486, -11.75713
0.7602949, -11.76256
0.7633147, -11.76674
0.7679546, -11.77354
0.773427, -11.78187
0.7801665, -11.79191
0.786174, -11.80152
0.7921432, -11.81319
0.7972524, -11.82676
0.8010303, -11.84373
0.8028497, -11.85934
0.8034368, -11.88086
0.8030077, -11.89684
0.8013701, -11.91757
0.7990018, -11.93775
0.7942399, -11.96517
0.7890635, -11.98703
0.7798381, -12.01602
0.77003, -12.04141
0.7573868, -12.07096
0.7469172, -12.096
0.735018, -12.12888
0.728528, -12.15766
0.7250884, -12.19017
0.725127, -12.21303
0.7276981, -12.2395
0.7327657, -12.26461
0.7419138, -12.29307
0.7536976, -12.31992
0.7667813, -12.34303
0.7826418, -12.36647
0.7986832, -12.38745
0.8161041, -12.40766
0.8321786, -12.42433
0.8529147, -12.44492
0.8680286, -12.45999
0.8791407, -12.47209
0.8943597, -12.49168
0.9081293, -12.51263
0.9184885, -12.53071
0.9276541, -12.5474
0.9375809, -12.5653
0.9480637, -12.58391
0.9570526, -12.60074
0.9668158, -12.61942
0.9755592, -12.63579
0.9819369, -12.6489
0.9869663, -12.65905
0.9933979, -12.67283
0.9986405, -12.68417
1.002628, -12.69336
1.005638, -12.70219
1.00789, -12.71004
1.009881, -12.71602
1.012091, -12.72072
1.015457, -12.72557
1.018362, -12.72997
1.021117, -12.73329
1.02276, -12.73551
1.023391, -12.73648
1.023848, -12.7367
1.023201, -12.73572
1.021887, -12.73403
1.019843, -12.73204
1.016889, -12.72942
1.013411, -12.72697
1.008524, -12.72504
1.002079, -12.72284
0.99554, -12.72049
0.986118, -12.71802
0.9767568, -12.71544
0.9676543, -12.71308
0.9554819, -12.71088
0.9417664, -12.70828
0.9287673, -12.70531
0.911175, -12.70061
0.8941469, -12.6954
0.88083, -12.69114
0.8618988, -12.68561
0.8483789, -12.68177
0.83073, -12.67709
0.8168448, -12.67349
0.801474, -12.66936
0.7861631, -12.66554
0.7696204, -12.66111
0.7583166, -12.65771
0.7459536, -12.65372
0.7339815, -12.64941
0.7218131, -12.64468
0.708252, -12.63968
0.7006248, -12.63719
0.6943778, -12.63593
0.6890215, -12.6356
0.6850718, -12.63529
0.6820773, -12.63483
0.680513, -12.63401
0.6801635, -12.63302
0.6802055, -12.63307
0.682157, -12.63356
0.6841065, -12.63383
0.6862414, -12.6342
0.6896188, -12.63473
0.6922803, -12.63518
0.6966559, -12.63622
0.6988718, -12.637
0.7012521, -12.63818
0.7036396, -12.63959
0.7062949, -12.64152
0.7075927, -12.6426
0.7090971, -12.64372
0.7106577, -12.64441
0.7123985, -12.6451
0.7137585, -12.64559
0.7143074, -12.64592
0.7142578, -12.64633
0.7134803, -12.64692
0.7122023, -12.64742
0.7095884, -12.64885
0.7046345, -12.65244
0.6978683, -12.65828
0.6908129, -12.66513
0.684486, -12.67342
0.6789296, -12.68525
0.6756438, -12.69979
0.675631, -12.71324
0.6784464, -12.72546
0.6835001, -12.7347
0.6879919, -12.73961
0.6907734, -12.74205
0.6919762, -12.74481
0.6907963, -12.74855
0.6877785, -12.75518
0.6828883, -12.76533
0.6781329, -12.77814
0.6740944, -12.79344
0.6712388, -12.81131
0.6696143, -12.8317
0.6695789, -12.85425
0.6710985, -12.87846
0.6742759, -12.90191
0.6784617, -12.92285
0.6826205, -12.93897
0.6881675, -12.9644
0.6928551, -12.98881
0.6971041, -13.01607
0.6997577, -13.04194
0.7008973, -13.06639
0.7002741, -13.09056
0.69717, -13.11982
0.6926606, -13.14703
0.6882222, -13.16993
0.6816703, -13.19778
0.6737352, -13.2269
0.6628913, -13.2609
0.6505254, -13.29388
0.6357189, -13.32772
0.6197568, -13.36005
0.5993991, -13.39721
0.5782671, -13.43224
0.5583222, -13.46413
0.5371689, -13.4998
0.5210754, -13.5317
0.5075016, -13.56476
0.4989997, -13.59151
0.4901772, -13.62639
0.4845992, -13.65733
0.4803994, -13.69296
0.4783958, -13.72558
0.4778432, -13.7638
0.4791407, -13.80091
0.4822498, -13.83624
0.4884847, -13.87713
0.496144, -13.91584
0.5025939, -13.94664
0.5088519, -13.98093
0.5138725, -14.01719
0.5171092, -14.05394
0.5193477, -14.08716
0.5203179, -14.12347
0.5195432, -14.15805
0.5179252, -14.19382
0.5154804, -14.23051
0.5119088, -14.27056
0.5079181, -14.30661
0.5024586, -14.34551
0.495953, -14.38009
0.4884865, -14.41331
0.4786606, -14.45181
0.4684917, -14.48909
0.459052, -14.52624
0.4528958, -14.55664
0.4472071, -14.60136
0.444993, -14.63937
0.4441819, -14.67729
0.4437912, -14.71593
0.4437634, -14.75721
0.4439981, -14.78656
0.4448905, -14.82363
0.4470463, -14.86394
0.4506962, -14.905
0.4549211, -14.94654
0.4586771, -14.98741
0.461509, -15.02825
0.4621521, -15.0632
0.4606021, -15.10069
0.456843, -15.13883
0.4525499, -15.1704
0.4474275, -15.20305
0.4431078, -15.23227
0.43898, -15.26242
0.4356152, -15.28968
0.4310778, -15.32651
0.4256568, -15.36407
0.4200461, -15.3954
0.4123845, -15.43349
0.4052639, -15.4668
0.3979668, -15.50362
0.3928908, -15.53605
0.3897406, -15.56896
0.3886589, -15.60815
0.3903278, -15.64012
0.3946835, -15.67985
0.4002491, -15.7148
0.4072307, -15.75184
0.4142663, -15.78791
0.4210243, -15.82365
0.4289221, -15.85981
0.4391497, -15.89869
0.4489073, -15.93058
0.4604593, -15.96624
0.4691046, -15.9959
0.4766468, -16.02845
0.4802495, -16.05003
0.4852419, -16.08335
0.488169, -16.10776
0.4912851, -16.13453
0.4942935, -16.16573
0.4964287, -16.19761
0.4971465, -16.22491
0.4966468, -16.2617
0.4943503, -16.29184
0.4891661, -16.33256
0.4844764, -16.36011
0.4778337, -16.39292
0.4684913, -16.43744
0.4625089, -16.46764
0.4557281, -16.50809
0.4517152, -16.54183
0.4499402, -16.56996
0.4495922, -16.60515
0.4506062, -16.62831
0.4530981, -16.6553
0.4567035, -16.68623
0.4595935, -16.70903
0.462844, -16.73037
0.4673059, -16.75581
0.4738416, -16.7895
0.4795909, -16.81488
0.4864168, -16.84086
0.4951718, -16.87115
0.507818, -16.91029
0.500969, -16.93357
0.49412, -16.95686
0.487271, -16.98014
0.480422, -17.00343
0.473573, -17.02671
0.466724, -17.05
0.459875, -17.07328
0.4530261, -17.09657
0.4461771, -17.11985
0.4393281, -17.14314
0.4324791, -17.16642
0.4256302, -17.18972
0.4133391, -17.19123
0.3977762, -17.193
0.3886036, -17.19405
0.3748208, -17.19599
0.358703, -17.19893
0.3482969, -17.20101
0.3332503, -17.20363
0.3207365, -17.20603
0.307184, -17.21026
0.2968463, -17.21475
0.2867912, -17.22116
0.2771295, -17.22925
0.26801, -17.23929
0.2580557, -17.25297
0.2505446, -17.26603
0.2423098, -17.28276
0.2369446, -17.29645
0.2284904, -17.32206
0.2234997, -17.34174
0.2169527, -17.37576
0.2131177, -17.4007
0.2085097, -17.4366
0.2054196, -17.47069
0.2038174, -17.50957
0.203855, -17.55046
0.2054454, -17.59636
0.2073679, -17.6378
0.2083979, -17.67687
0.2081072, -17.71409
0.2061213, -17.76258
0.2041718, -17.79746
0.2002242, -17.84866
0.1969296, -17.88754
0.1925398, -17.94135
0.1899601, -17.97657
0.1848731, -18.03814
0.1803917, -18.07913
0.1729086, -18.13071
0.1660249, -18.17312
0.1556324, -18.22918
0.1471642, -18.27765
0.1407267, -18.32268
0.1363728, -18.37311
0.1342883, -18.43131
0.1337108, -18.47423
0.1331169, -18.52465
0.1319438, -18.58656
0.1313888, -18.62982
0.1313944, -18.6802
0.133911, -18.7444
0.1363692, -18.78655
0.1390115, -18.82948
0.1417431, -18.88345
0.142998, -18.9466
0.1421785, -18.99704
0.1383926, -19.06033
0.1334895, -19.12296
0.1295947, -19.1685
0.1250119, -19.22239
0.1227386, -19.24687
0.1204653, -19.27135
0.118192, -19.29583
0.1121141, -19.34739
0.1057211, -19.39105
0.09566572, -19.449
0.08510461, -19.50353
0.07475618, -19.55724
0.06552166, -19.61758
0.05988407, -19.67729
0.05797282, -19.73194
0.05748257, -19.78648
0.05775273, -19.83493
0.0589568, -19.89756
0.06078458, -19.94987
0.06504285, -20.00573
0.07208776, -20.0656
0.07839569, -20.11116
0.08526698, -20.15552
0.09322387, -20.20953
0.1006682, -20.27771
0.1045481, -20.32835
0.1067561, -20.3717
0.1101689, -20.42831
0.114767, -20.49322
0.1185995, -20.54198
0.1218384, -20.5909
0.123703, -20.64
0.1238032, -20.70359
0.1231721, -20.75322
0.1222053, -20.8025
0.1220704, -20.85594
0.1258631, -20.91765
0.1321423, -20.96708
0.1383, -21.00537
0.1459231, -21.05169
0.1551313, -21.10384
0.1647067, -21.15622
0.1728244, -21.19714
0.1808444, -21.23258
0.1916754, -21.27534
0.2057603, -21.3287
0.2180226, -21.37609
0.2318791, -21.4373
0.2433177, -21.49402
0.2523059, -21.54731
0.2574007, -21.58488
0.2659717, -21.64371
0.2745167, -21.6967
0.2818741, -21.73714
0.2895476, -21.77791
0.2988259, -21.82889
0.308768, -21.88642
0.3161145, -21.92754
0.3236824, -21.97365
0.3314093, -22.0252
0.339778, -22.07931
0.3478052, -22.11872
0.3571521, -22.15554
0.369857, -22.19722
0.3837999, -22.23694
0.3962059, -22.26851
0.4091456, -22.29926
0.4248539, -22.33348
0.4438413, -22.37094
0.4561059, -22.39204
0.4683705, -22.41315
0.480635, -22.43425
0.4928996, -22.45535
0.5051642, -22.47645
0.5174288, -22.49756
0.5296934, -22.51866
0.541958, -22.53976
0.5542226, -22.56087
0.5664873, -22.58197
0.5787519, -22.60307
0.5910165, -22.62417
0.6032811, -22.64528
0.6155457, -22.66638
0.6278103, -22.68748
0.6400748, -22.70858
0.6381447, -22.70361
0.637648, -22.69806
0.6382227, -22.6937
0.639129, -22.6911
0.6382362, -22.68987
0.6351728, -22.68941
0.6322248, -22.6898
0.6298234, -22.6907
0.6280335, -22.6927
0.6271756, -22.69523
0.6277897, -22.70033
0.6303105, -22.70684
0.6334417, -22.71395
0.6371617, -22.723
0.6422695, -22.73583
0.6475174, -22.75043
0.6521237, -22.76514
0.6582321, -22.78551
0.6659445, -22.81271
0.6737824, -22.83941
0.6815056, -22.86552
0.6879259, -22.88532
0.6980379, -22.91152
0.7101924, -22.93764
0.7256875, -22.96684
0.7423517, -22.9959
0.7562566, -23.0188
0.7768766, -23.05085
0.8059819, -23.09237
0.832569, -23.12668
0.8565732, -23.15485
0.8870737, -23.18746
0.9259076, -23.22689
0.9647446, -23.2667
0.9961323, -23.3009
1.02114, -23.33024
1.05266, -23.37067
1.081388, -23.40974
1.105457, -23.44126
1.136905, -23.47943
1.175747, -23.52451
1.207969, -23.56438
1.23909, -23.60734
1.263228, -23.64426
1.292703, -23.69203
1.326858, -23.7503
1.350985, -23.79192
1.372913, -23.82655
1.400099, -23.86477
1.435114, -23.9109
1.470169, -23.95627
1.501284, -23.99762
1.526832, -24.03221
1.556861, -24.07306
1.596824, -24.12455
1.635269, -24.17057
1.671131, -24.21157
1.711685, -24.2599
1.744342, -24.30239
1.769303, -24.33835
1.799129, -24.38878
1.810144, -24.41025
1.82116, -24.43172
1.832175, -24.45318
1.859758, -24.50879
1.885193, -24.55999
1.909223, -24.60747
1.933577, -24.65425
1.963065, -24.70975
1.984102, -24.75058
2.011945, -24.80668
2.030546, -24.84421
2.053469, -24.88753
2.083179, -24.9384
2.111685, -24.98116
2.133181, -25.01224
2.169602, -25.0645
2.198606, -25.10714
2.224328, -25.14521
2.250299, -25.18255
2.288405, -25.23356
2.313526, -25.26497
2.35074, -25.30948
2.377082, -25.34208
2.401145, -25.37517
2.426488, -25.41203
2.449179, -25.44738
2.467911, -25.47836
2.48817, -25.51371
2.504653, -25.54572
2.526512, -25.59234
2.541077, -25.62913
2.552602, -25.6611
2.565959, -25.7002
2.577583, -25.73251
2.589571, -25.7623
2.604659, -25.7927
2.620839, -25.81964
2.636459, -25.84276
2.649678, -25.85892
2.669382, -25.87485
2.697524, -25.88673
2.724482, -25.89016
2.747832, -25.88883
2.780449, -25.88011
2.815798, -25.8643
2.843687, -25.84665
2.867343, -25.82847
2.902518, -25.79675
2.93293, -25.76544
2.962485, -25.73243
2.992098, -25.69895
3.017841, -25.67109
3.047912, -25.64134
3.082215, -25.61112
3.112553, -25.58834
3.147017, -25.56613
3.181079, -25.54581
3.207335, -25.53096
3.255156, -25.50606
3.291738, -25.48914
3.341575, -25.46912
3.381945, -25.45448
3.430953, -25.43784
3.473946, -25.42289
3.517449, -25.40553
3.564279, -25.3826
3.599289, -25.36208
3.642035, -25.33464
3.674054, -25.31287
3.701543, -25.29348
3.741182, -25.26554
3.776805, -25.23943
3.814803, -25.21042
3.856793, -25.17584
3.893178, -25.14432
3.926666, -25.11457
3.964875, -25.08189
3.997512, -25.0548
4.040547, -25.02028
4.074469, -24.99469
4.099001, -24.97645
4.148119, -24.94029
4.188299, -24.91053
4.218674, -24.88845
4.270723, -24.85226
4.314647, -24.82442
4.353539, -24.80103
4.402811, -24.77176
4.445348, -24.74626
4.484512, -24.72159
4.523978, -24.69378
4.558269, -24.66741
4.588488, -24.64284
4.622365, -24.61417
4.647925, -24.592
4.688136, -24.55587
4.722716, -24.52299
4.754433, -24.49074
4.777308, -24.46545
4.812914, -24.42356
4.841236, -24.39062
4.87136, -24.35805
4.899122, -24.33054
4.920833, -24.31079
4.95811, -24.27809
4.989561, -24.25266
5.021881, -24.2277
5.04856, -24.20848
5.088989, -24.18103
5.124411, -24.15953
5.160869, -24.13978
5.197331, -24.12118
5.22197, -24.11506
5.246608, -24.10895
5.271247, -24.10283
5.295886, -24.09672
5.320524, -24.0906
5.345163, -24.08449
5.369802, -24.07837
5.39444, -24.07226
5.419079, -24.06614
5.443717, -24.06003
5.468356, -24.05392
5.492995, -24.0478
5.517633, -24.04169
5.542272, -24.03557
5.566911, -24.02946
5.591549, -24.02334
5.616188, -24.01723
5.640827, -24.01111
5.665465, -24.005
5.690104, -23.99888
5.714743, -23.99277
5.739381, -23.98665
5.76402, -23.98054
5.788659, -23.97442
5.813297, -23.96831
5.837936, -23.96219
5.862575, -23.95609
5.866849, -23.97875
5.870265, -23.99878
5.873392, -24.0163
5.877059, -24.03071
5.880912, -24.04202
5.88436, -24.04944
5.888703, -24.05557
5.894697, -24.06028
5.902747, -24.06358
5.913627, -24.06568
5.927207, -24.06633
5.937756, -24.06471
5.951472, -24.06207
5.971491, -24.05663
5.993914, -24.04835
6.019188, -24.03742
6.046946, -24.02391
6.077156, -24.00777
6.109608, -23.98906
6.144524, -23.96769
6.178361, -23.9465
6.20819, -23.92765
6.250939, -23.90211
6.287702, -23.88265
6.317307, -23.86787
6.354727, -23.85059
6.386672, -23.83705
6.42232, -23.8232
6.46159, -23.80868
6.496276, -23.79591
6.537611, -23.78076
6.578903, -23.76668
6.61874, -23.75539
6.663205, -23.7449
6.714999, -23.73376
6.761231, -23.72291
6.806888, -23.70912
6.850656, -23.6934
6.89453, -23.67702
6.924824, -23.66542
6.96994, -23.64722
7.023782, -23.62505
7.07119, -23.60485
7.118662, -23.58273
7.166392, -23.55739
7.213972, -23.53199
7.253152, -23.51118
7.300063, -23.48717
7.355641, -23.46102
7.410704, -23.4385
7.465505, -23.41714
7.511172, -23.39856
7.554388, -23.37991
7.601974, -23.35904
7.657822, -23.33708
7.71439, -23.31983
7.769876, -23.30692
7.832524, -23.29505
7.88476, -23.28572
7.936626, -23.27443
7.984663, -23.2597
8.028538, -23.24394
8.067996, -23.22921
8.100096, -23.21661
8.140638, -23.20041
8.180737, -23.18476
8.220231, -23.16918
8.257801, -23.15286
8.293692, -23.13605
8.327555, -23.11937
8.361523, -23.10216
8.396999, -23.08513
8.427359, -23.07145
8.459009, -23.05752
8.486661, -23.04579
8.513813, -23.03436
8.540553, -23.02347
8.575123, -23.01026
8.605042, -23.00057
8.633581, -22.99106
8.659711, -22.98081
8.684802, -22.96865
8.704189, -22.95774
8.722542, -22.946
8.738078, -22.93446
8.74944, -22.92376
8.758371, -22.91232
8.765568, -22.89775
8.769481, -22.87885
8.769218, -22.85942
8.765513, -22.83666
8.757065, -22.81312
8.741796, -22.78707
8.719547, -22.76147
8.691342, -22.73574
8.658125, -22.71042
8.618728, -22.68436
8.592248, -22.66846
8.550508, -22.64091
8.514373, -22.6143
8.482616, -22.58619
8.453939, -22.55686
8.431183, -22.53042
8.41064, -22.50331
8.383411, -22.46306
8.362974, -22.42918
8.3458, -22.39824
8.327352, -22.36178
8.308872, -22.32205
8.294825, -22.28863
8.27911, -22.24841
8.264705, -22.20789
8.250944, -22.16862
8.235492, -22.13056
8.217157, -22.09396
8.199286, -22.06382
8.177877, -22.03052
8.154095, -21.99215
8.133131, -21.95661
8.11211, -21.91967
8.094326, -21.88854
8.0739, -21.85491
8.049477, -21.81813
8.024473, -21.78239
7.999558, -21.74805
7.974924, -21.71444
7.949811, -21.68013
7.923934, -21.64502
7.896422, -21.61072
7.867779, -21.57632
7.843228, -21.54642
7.823435, -21.52239
7.794853, -21.4881
7.772056, -21.46006
7.735238, -21.4098
7.710855, -21.37038
7.695422, -21.33899
7.6788, -21.30218
7.66321, -21.26588
7.64726, -21.22932
7.627968, -21.19179
7.606493, -21.15464
7.584255, -21.11726
7.56496, -21.08564
7.542551, -21.05194
7.51769, -21.01718
7.492885, -20.98355
7.466557, -20.94713
7.43774, -20.90744
7.410602, -20.87067
7.379381, -20.82753
7.349381, -20.78338
7.32056, -20.73326
7.299613, -20.69597
7.279172, -20.6594
7.264176, -20.62956
7.245619, -20.59051
7.227286, -20.55174
7.208762, -20.51298
7.19069, -20.47258
7.173024, -20.43009
7.156705, -20.3852
7.142142, -20.33867
7.129052, -20.28999
7.117324, -20.24019
7.106707, -20.19275
7.096858, -20.1526
7.086059, -20.11837
7.07127, -20.08103
7.05586, -20.0466
7.042475, -20.01746
7.029042, -19.98718
7.013741, -19.95147
6.998648, -19.91586
6.982766, -19.87933
6.965424, -19.84194
6.946212, -19.80394
6.92673, -19.76793
6.910581, -19.73892
6.883914, -19.69119
6.859092, -19.64713
6.853826, -19.62309
6.84856, -19.59904
6.843294, -19.575
6.838027, -19.55095
6.832761, -19.52691
6.827495, -19.50286
6.822229, -19.47882
6.816963, -19.45478
6.811697, -19.43073
6.80643, -19.40669
6.801164, -19.38264
6.795898, -19.3586
6.790632, -19.33456
6.785366, -19.31051
6.780099, -19.28647
6.774833, -19.26242
6.769567, -19.23838
6.764301, -19.21434
6.759035, -19.19029
6.753768, -19.16625
6.748502, -19.1422
6.743236, -19.11816
6.737972, -19.09411
6.761894, -19.08961
6.775477, -19.08728
6.794126, -19.08413
6.8141, -19.08062
6.830134, -19.07701
6.844299, -19.07219
6.856732, -19.06602
6.866977, -19.05831
6.874778, -19.04827
6.880033, -19.03535
6.883282, -19.02216
6.886201, -19.01503
6.886166, -18.99234
6.885014, -18.96413
6.884685, -18.93637
6.883166, -18.90526
6.880414, -18.87189
6.875443, -18.83677
6.869771, -18.80931
6.862824, -18.77782
6.850909, -18.73107
6.839436, -18.69096
6.825972, -18.64448
6.81532, -18.60626
6.805474, -18.56628
6.79656, -18.52424
6.788525, -18.48273
6.781888, -18.44155
6.775322, -18.39918
6.768696, -18.35517
6.761529, -18.30835
6.754216, -18.25946
6.747577, -18.20865
6.741972, -18.15609
6.737123, -18.1025
6.732799, -18.05341
6.728147, -18.00861
6.720446, -17.95568
6.709081, -17.90368
6.694614, -17.85361
6.6784, -17.80528
6.661438, -17.75689
6.643478, -17.70704
6.625079, -17.6561
6.605944, -17.60505
6.584845, -17.55424
6.565454, -17.51188
6.543489, -17.46553
6.519355, -17.41591
6.496547, -17.36641
6.47447, -17.31568
6.454453, -17.2642
6.435598, -17.21258
6.416624, -17.16029
6.396809, -17.10695
6.376375, -17.05223
6.35653, -16.99618
6.338778, -16.93871
6.324085, -16.88453
6.31081, -16.83458
6.29437, -16.77524
6.276795, -16.71785
6.256697, -16.66203
6.233046, -16.60814
6.207952, -16.55672
6.18221, -16.50597
6.154934, -16.45351
6.126219, -16.40076
6.096082, -16.34873
6.069572, -16.30543
6.038835, -16.25859
6.005526, -16.20859
5.977496, -16.16556
5.94265, -16.10906
5.914187, -16.05782
5.888525, -16.00733
5.862886, -15.95634
5.83682, -15.90411
5.810484, -15.85053
5.784763, -15.79584
5.760366, -15.73974
5.739361, -15.6869
5.721596, -15.6391
5.701602, -15.5826
5.681897, -15.52772
5.66027, -15.47358
5.636737, -15.42182
5.613145, -15.37322
5.589559, -15.32565
5.565011, -15.27667
5.539435, -15.22567
5.513743, -15.17478
5.491963, -15.13291
5.466273, -15.08747
5.437206, -15.03877
5.40859, -14.99244
5.381271, -14.94711
5.355567, -14.89984
5.333, -14.85309
5.313239, -14.80654
5.293403, -14.75986
5.273683, -14.71222
5.254171, -14.66487
5.235618, -14.61779
5.219459, -14.57467
5.205023, -14.5351
5.187938, -14.48912
5.16995, -14.44609
5.151073, -14.40918
5.131836, -14.37924
5.11444, -14.3558
5.098384, -14.33674
5.078763, -14.31577
5.056214, -14.29413
5.039781, -14.28117
5.022913, -14.26904
5.001913, -14.25642
4.977623, -14.24304
4.953077, -14.23038
4.927993, -14.21855
4.904794, -14.20765
4.883726, -14.19918
4.865537, -14.19254
4.850595, -14.18812
4.839155, -14.18552
4.830534, -14.18422
4.824411, -14.18282
4.820591, -14.18298
4.819064, -14.18438
4.820713, -14.18716
4.826054, -14.1914
4.834332, -14.19688
4.845497, -14.20352
4.858971, -14.21174
4.874479, -14.22082
4.891839, -14.23118
4.910203, -14.24262
4.928382, -14.25503
4.943151, -14.26616
4.959163, -14.2788
4.976221, -14.29243
4.995711, -14.30712
5.014469, -14.32109
5.03019, -14.3332
5.0415, -14.34192
5.055558, -14.35223
5.068643, -14.36066
5.080856, -14.3676
5.094261, -14.37395
5.100119, -14.37537
5.109583, -14.37758
5.119653, -14.37922
5.131595, -14.37992
5.143385, -14.37905
5.155257, -14.37654
5.167, -14.37333
5.179382, -14.36947
5.193899, -14.36508
5.206741, -14.36237
5.224765, -14.36163
5.240141, -14.36466
5.260962, -14.37309
5.274556, -14.38131
5.303551, -14.4049
5.325888, -14.43032
5.347973, -14.4665
5.364654, -14.50637
5.377064, -14.5508
5.385471, -14.59765
5.389852, -14.63997
5.392438, -14.682
5.393506, -14.72706
5.395384, -14.7727
5.399892, -14.80965
5.405261, -14.83554
5.417335, -14.87335
5.431656, -14.90744
5.445844, -14.93567
5.465842, -14.97395
5.488889, -15.01608
5.508315, -15.04976
5.529145, -15.08398
5.561276, -15.1328
5.589027, -15.1714
5.609123, -15.19876
5.635325, -15.23441
5.664508, -15.27775
5.686657, -15.31811
5.709738, -15.36713
5.723948, -15.40028
5.743901, -15.45104
5.760668, -15.49778
5.773936, -15.53999
5.78764, -15.59589
5.796782, -15.65469
5.801123, -15.70133
5.804682, -15.7553
5.807602, -15.79882
5.811993, -15.8416
5.821831, -15.9074
5.831192, -15.95825
5.83789, -15.99556
5.846664, -16.05857
5.851705, -16.11144
5.855482, -16.1557
5.860917, -16.21368
5.867098, -16.26861
5.873612, -16.31424
5.881742, -16.37111
5.887986, -16.41872
5.893977, -16.47322
5.89757, -16.52758
5.899286, -16.58116
5.901358, -16.63872
5.903871, -16.69367
5.906847, -16.74967
5.90946, -16.80312
5.910913, -16.86067
5.910436, -16.92233
5.909132, -16.97236
5.906863, -17.02502
5.904232, -17.08614
5.90369, -17.13589
5.905235, -17.19565
5.909125, -17.2501
5.913492, -17.30048
5.917834, -17.35623
5.922282, -17.42058
5.926314, -17.47063
5.931902, -17.5236
5.940615, -17.57837
5.94663, -17.632
5.954925, -17.67807
5.963647, -17.73259
5.969336, -17.78454
5.972973, -17.83882
5.974393, -17.88652
5.975581, -17.94084
5.97617, -17.98289
5.977048, -18.04494
5.976962, -18.09407
5.975278, -18.14656
5.972563, -18.19136
5.969583, -18.22772
5.963438, -18.28801
5.957797, -18.33879
5.954839, -18.37396
5.95213, -18.42289
5.951169, -18.46394
5.952459, -18.51635
5.954021, -18.55277
5.955712, -18.58952
5.957969, -18.63957
5.959702, -18.67964
5.961586, -18.71429
5.964193, -18.74946
5.968953, -18.79811
5.974478, -18.84705
5.978672, -18.88231
5.978364, -18.90686
5.978055, -18.93142
5.977746, -18.95597
5.977438, -18.98052
5.977129, -19.00508
5.976821, -19.02963
5.976512, -19.05418
5.976204, -19.07874
5.975895, -19.10329
5.975587, -19.12784
5.975278, -19.1524
5.97497, -19.17695
5.974661, -19.2015
5.974353, -19.22606
5.974044, -19.25061
5.973739, -19.27517
5.956061, -19.27618
5.940263, -19.27641
5.926477, -19.27651
5.914128, -19.27755
5.910454, -19.27842
5.906689, -19.28292
5.90566, -19.28796
5.905704, -19.29787
5.907222, -19.31018
5.910027, -19.32429
5.913875, -19.33959
5.917984, -19.35644
5.922209, -19.3752
5.925772, -19.39654
5.928349, -19.42065
5.929316, -19.4467
5.928579, -19.47003
5.926059, -19.49753
5.921091, -19.53001
5.913312, -19.56528
5.902846, -19.60158
5.893454, -19.62538
5.882771, -19.65126
5.866094, -19.68921
5.849692, -19.7281
5.835641, -19.76841
5.825407, -19.80762
5.817932, -19.85147
5.814307, -19.88644
5.811119, -19.92414
5.808324, -19.96538
5.805983, -20.01416
5.80441, -20.06453
5.804611, -20.10992
5.806794, -20.15974
5.810553, -20.21117
5.81453, -20.2619
5.816901, -20.30814
5.817382, -20.36064
5.815582, -20.40238
5.812364, -20.44584
5.808907, -20.49827
5.80634, -20.54553
5.803854, -20.59399
5.800595, -20.65048
5.794883, -20.71026
5.789331, -20.7572
5.782203, -20.81175
5.774123, -20.87273
5.768456, -20.92011
5.763886, -20.97491
5.761605, -21.02977
5.761345, -21.06782
5.760758, -21.12029
5.760293, -21.17416
5.76004, -21.2285
5.76097, -21.29296
5.762981, -21.3433
5.76572, -21.3909
5.768923, -21.44415
5.771043, -21.49595
5.771783, -21.54424
5.770617, -21.59057
5.767987, -21.63449
5.764984, -21.67944
5.761934, -21.72973
5.759257, -21.7742
5.7549, -21.82482
5.749012, -21.86923
5.739108, -21.91906
5.727842, -21.96426
5.715535, -22.00968
5.70563, -22.04873
5.696879, -22.08958
5.69056, -22.13054
5.686385, -22.17133
5.681583, -22.22115
5.676997, -22.2634
5.669543, -22.31872
5.662946, -22.36449
5.654665, -22.41888
5.648699, -22.45777
5.640385, -22.51231
5.633674, -22.55117
5.622736, -22.60297
5.61393, -22.63308
5.596723, -22.67655
5.580661, -22.7082
5.563155, -22.73745
5.541867, -22.76961
5.524015, -22.79517
5.501033, -22.8269
5.480712, -22.85251
5.458187, -22.87761
5.433954, -22.90221
5.408586, -22.93003
5.384118, -22.9596
5.367046, -22.97757
5.349757, -22.9964
5.326929, -23.02304
5.305047, -23.05014
5.283528, -23.07759
5.261393, -23.10506
5.2379, -23.13273
5.213652, -23.16056
5.188911, -23.18917
5.163896, -23.21858
5.138457, -23.24947
5.120604, -23.26619
5.10275, -23.28291
5.084897, -23.29963
5.067044, -23.31635
5.049191, -23.33307
5.031337, -23.34979
5.013484, -23.36651
4.995631, -23.38323
4.977777, -23.39995
4.959924, -23.41667
4.942071, -23.43339
4.924218, -23.45011
4.906364, -23.46683
4.888511, -23.48355
4.870658, -23.50027
4.852805, -23.51699
4.834951, -23.53371
4.817095, -23.55044
4.817078, -23.53531
4.818757, -23.51684
4.822654, -23.49741
4.824892, -23.48464
4.823974, -23.47498
4.820125, -23.46445
4.811541, -23.452
4.80427, -23.4433
4.792334, -23.43119
4.774546, -23.41536
4.765834, -23.40769
4.751238, -23.39494
4.728899, -23.37704
4.714065, -23.3666
4.690375, -23.35396
4.656045, -23.34143
4.634566, -23.33484
4.604056, -23.32798
4.570871, -23.32214
4.534718, -23.31766
4.495776, -23.31564
4.457269, -23.31579
4.420395, -23.3179
4.374064, -23.32298
4.326539, -23.3295
4.279265, -23.33624
4.231959, -23.34131
4.185707, -23.34295
4.135479, -23.34362
4.084586, -23.34378
4.037884, -23.34385
3.989923, -23.34335
3.940218, -23.34281
3.89288, -23.34061
3.855249, -23.33726
3.801775, -23.33072
3.741237, -23.32197
3.687302, -23.31333
3.639813, -23.30657
3.57779, -23.30084
3.522155, -23.30079
3.468019, -23.30346
3.415281, -23.30717
3.360911, -23.3116
3.31464, -23.31573
3.262926, -23.3208
3.205407, -23.32806
3.147541, -23.33895
3.089247, -23.35181
3.039572, -23.3629
2.976223, -23.37569
2.917147, -23.38536
2.857153, -23.39306
2.7992, -23.39813
2.741486, -23.40385
2.683016, -23.41031
2.628386, -23.41692
2.577898, -23.42266
2.51653, -23.42816
2.453629, -23.43099
2.389492, -23.43192
2.325727, -23.43243
2.264443, -23.43423
2.204239, -23.43898
2.146235, -23.44654
2.104647, -23.45281
2.041826, -23.46193
1.986143, -23.46921
1.931261, -23.47639
1.871757, -23.4848
1.819974, -23.4934
1.753884, -23.50628
1.695619, -23.51817
1.637499, -23.52779
1.586216, -23.53369
1.532084, -23.53747
1.465267, -23.53867
1.406792, -23.53821
1.355978, -23.53752
1.306792, -23.53654
1.251401, -23.53438
1.191049, -23.53
1.129948, -23.5223
1.069246, -23.51091
1.009861, -23.49654
0.9549873, -23.48154
0.8886095, -23.46614
0.8449739, -23.45794
0.804408, -23.45156
0.7476137, -23.44117
0.71654, -23.43492
0.6662185, -23.42403
0.6320628, -23.41663
0.5756907, -23.40547
0.5419441, -23.40046
0.4983065, -23.39564
0.4557182, -23.3924
0.4032025, -23.38958
0.3645891, -23.38608
0.3214703, -23.38
0.2743349, -23.37215
0.243536, -23.36729
0.2019088, -23.36119
0.1646629, -23.3558
0.1157819, -23.34835
0.07195199, -23.34055
0.02800822, -23.33137
-0.01519126, -23.32055
-0.05691493, -23.30896
-0.09568703, -23.29784
-0.1331459, -23.2868
-0.1666221, -23.27706
-0.1895286, -23.26601
-0.2124352, -23.25496
-0.2353417, -23.24391
-0.2582483, -23.23286
-0.2811548, -23.22181
-0.3040614, -23.21076
-0.3269679, -23.19971
-0.3498744, -23.18867
-0.372781, -23.17762
-0.3956875, -23.16657
-0.4185941, -23.15552
-0.4415006, -23.14447
-0.4644071, -23.13342
-0.4873137, -23.12237
-0.5102202, -23.11132
-0.5331268, -23.10027
-0.5560333, -23.08922
-0.5789399, -23.07817
-0.6018464, -23.06712
-0.6247529, -23.05607
-0.6476595, -23.04502
-0.670566, -23.03398
-0.6934726, -23.02293
-0.7163791, -23.01188
-0.7392856, -23.00083
-0.7621922, -22.98978
-0.7850987, -22.97873
-0.8080053, -22.96768
-0.8309117, -22.95664
-0.8367501, -22.95237
-0.8419805, -22.94842
-0.8481271, -22.94456
-0.8538325, -22.94185
-0.8770409, -22.93299
-0.9002492, -22.92414
-0.9234576, -22.91528
-0.946666, -22.90643
-0.9698744, -22.89757
-0.9930828, -22.88872
-1.016291, -22.87986
-1.0395, -22.871
-1.062708, -22.86215
-1.085916, -22.85329
-1.109125, -22.84444
-1.132333, -22.83558
-1.155541, -22.82673
-1.17875, -22.81787
-1.201958, -22.80901
-1.225167, -22.80016
-1.248375, -22.7913
-1.271583, -22.78245
-1.294792, -22.77359
-1.318, -22.76473
-1.341208, -22.75588
-1.364417, -22.74702
-1.387625, -22.73817
-1.410834, -22.72931
-1.434042, -22.72046
-1.45725, -22.7116
-1.480459, -22.70274
-1.503667, -22.69389
-1.526875, -22.68503
-1.550084, -22.67618
-1.573292, -22.66732
-1.596501, -22.65846
-1.619709, -22.64961
-1.642917, -22.64075
-1.666126, -22.6319
-1.689334, -22.62304
-1.712542, -22.61418
-1.696978, -22.61332
-1.681329, -22.6128
-1.665904, -22.61244
-1.651214, -22.61142
-1.637589, -22.61074
-1.625647, -22.61102
-1.615363, -22.61076
-1.606441, -22.60825
-1.597297, -22.6023
-1.593002, -22.59787
-1.587637, -22.58916
-1.582743, -22.57642
-1.581194, -22.56441
-1.580584, -22.54589
-1.580817, -22.52607
-1.582355, -22.51285
-1.584409, -22.49851
-1.588467, -22.47537
-1.595394, -22.44902
-1.603433, -22.42534
-1.613754, -22.39992
-1.622149, -22.38113
-1.630528, -22.36261
-1.640202, -22.34183
-1.650266, -22.32157
-1.657628, -22.30585
-1.663226, -22.29023
-1.665238, -22.27781
-1.665654, -22.26723
-1.665043, -22.25755
-1.664011, -22.2487
-1.662958, -22.24157
-1.661593, -22.23704
-1.659874, -22.23538
-1.657473, -22.23528
-1.654348, -22.23729
-1.649441, -22.24259
-1.642222, -22.24984
-1.6323, -22.25819
-1.621577, -22.26628
-1.604998, -22.27631
-1.595463, -22.28216
-1.58698, -22.28874
-1.581264, -22.29538
-1.577919, -22.301
-1.575548, -22.30699
-1.574252, -22.31432
-1.574879, -22.32387
-1.578155, -22.33606
-1.584033, -22.35006
-1.591617, -22.36607
-1.600453, -22.38305
-1.610575, -22.40158
-1.621933, -22.42221
-1.63481, -22.44538
-1.647181, -22.4691
-1.658418, -22.49267
-1.671206, -22.52251
-1.684038, -22.55361
-1.698613, -22.5853
-1.713382, -22.61566
-1.727286, -22.6424
-1.746007, -22.66798
-1.768615, -22.69232
-1.790365, -22.71464
-1.812277, -22.73548
-1.836122, -22.75594
-1.85806, -22.77268
-1.884822, -22.79066
-1.916256, -22.80921
-1.949751, -22.82668
-1.985074, -22.84013
-2.023162, -22.85257
-2.06443, -22.86772
-2.109393, -22.88128
-2.154521, -22.89361
-2.194686, -22.90655
-2.231389, -22.92157
-2.263382, -22.93792
-2.288793, -22.95356
-2.317293, -22.97355
-2.345832, -22.9948
-2.375817, -23.01744
-2.407447, -23.04161
-2.440626, -23.06692
-2.474937, -23.09367
-2.509704, -23.12183
-2.545557, -23.15166
-2.582838, -23.18313
-2.621509, -23.21582
-2.653334, -23.24229
-2.671214, -23.25948
-2.689095, -23.27666
-2.706975, -23.29385
-2.724856, -23.31103
-2.742736, -23.32822
-2.760617, -23.3454
-2.778497, -23.36259
-2.796377, -23.37977
-2.814258, -23.39696
-2.832138, -23.41414
-2.850019, -23.43133
-2.867899, -23.44851
-2.88578, -23.4657
-2.90366, -23.48288
-2.92154, -23.50007
-2.939421, -23.51725
-2.957301, -23.53444
-2.975182, -23.55162
-2.993062, -23.56881
-3.010943, -23.58599
-3.028823, -23.60318
-3.046704, -23.62037
-3.064584, -23.63755
-3.082464, -23.65474
-3.100345, -23.67192
-3.118225, -23.68911
-3.136106, -23.70629
-3.153983, -23.72346
-3.159676, -23.72088
-3.16369, -23.71936
-3.16704, -23.7183
-3.170654, -23.71722
-3.172411, -23.7172
-3.173177, -23.71855
-3.173973, -23.72134
-3.176683, -23.7241
-3.180279, -23.72545
-3.183702, -23.72593
-3.188828, -23.72576
-3.193963, -23.72495
-3.19969, -23.72366
-3.206492, -23.72166
-3.216428, -23.71887
-3.226337, -23.7163
-3.24008, -23.71433
-3.26068, -23.71215
-3.281702, -23.71044
-3.302924, -23.70979
-3.329638, -23.70965
-3.359362, -23.71072
-3.391922, -23.71374
-3.426148, -23.71787
-3.462065, -23.72302
-3.498208, -23.72864
-3.52774, -23.73285
-3.559713, -23.73541
-3.595266, -23.73616
-3.639658, -23.73384
-3.665726, -23.73191
-3.700623, -23.73038
-3.737536, -23.73008
-3.776249, -23.72999
-3.816241, -23.72909
-3.856028, -23.72571
-3.895819, -23.71884
-3.933214, -23.71041
-3.967512, -23.70126
-4.014277, -23.68735
-4.055681, -23.67391
-4.095993, -23.66065
-4.13641, -23.64905
-4.182615, -23.63966
-4.217947, -23.63437
-4.253044, -23.62928
-4.300014, -23.62198
-4.343976, -23.61516
-4.389797, -23.60817
-4.430397, -23.60247
-4.470216, -23.59809
-4.515894, -23.59489
-4.545444, -23.5953
-4.582886, -23.59545
-4.627964, -23.5941
-4.671173, -23.58938
-4.721426, -23.57934
-4.765458, -23.56659
-4.815408, -23.54825
-4.859874, -23.52948
-4.898354, -23.51118
-4.938963, -23.48958
-4.98136, -23.46547
-5.021726, -23.44075
-5.061378, -23.41533
-5.101258, -23.39006
-5.148909, -23.36105
-5.203393, -23.33215
-5.23183, -23.32075
-5.270827, -23.3072
-5.310196, -23.29546
-5.350105, -23.28402
-5.401793, -23.26766
-5.423034, -23.26043
-5.466018, -23.24605
-5.509216, -23.23194
-5.553401, -23.21976
-5.597745, -23.20934
-5.641391, -23.20022
-5.683701, -23.19197
-5.731178, -23.18097
-5.773736, -23.16953
-5.808412, -23.15688
-5.839368, -23.14452
-5.879857, -23.12553
-5.906217, -23.11212
-5.941565, -23.09258
-5.976514, -23.07183
-6.019192, -23.04321
-6.044359, -23.02482
-6.085316, -22.99328
-6.109964, -22.97522
-6.149642, -22.94936
-6.17288, -22.93526
-6.205205, -22.91822
-6.233344, -22.90606
-6.257248, -22.89772
-6.284718, -22.89005
-6.31072, -22.8843
-6.335843, -22.88065
-6.360231, -22.87923
-6.384127, -22.87969
-6.408204, -22.88237
-6.432351, -22.88737
-6.456441, -22.89489
-6.479763, -22.90489
-6.498858, -22.91438
-6.519789, -22.92674
-6.542957, -22.94353
-6.567941, -22.9625
-6.594803, -22.98079
-6.615122, -22.99347
-6.642238, -23.01076
-6.670361, -23.02904
-6.700137, -23.0495
-6.73081, -23.0723
-6.761518, -23.09669
-6.790379, -23.12215
-6.812953, -23.14417
-6.843, -23.17352
-6.868686, -23.19702
-6.895819, -23.21854
-6.924631, -23.23814
-6.952607, -23.2555
-6.980706, -23.27147
-7.009532, -23.28803
-7.03748, -23.30554
-7.064291, -23.3268
-7.089056, -23.35263
-7.10604, -23.37578
-7.122537, -23.40353
-7.139739, -23.43497
-7.157183, -23.46826
-7.172357, -23.49839
-7.187374, -23.53352
-7.200804, -23.56987
-7.210636, -23.60443
-7.214861, -23.62806
-7.221525, -23.6641
-7.228605, -23.70497
-7.237813, -23.75026
-7.245672, -23.78239
-7.255948, -23.81826
-7.267755, -23.85601
-7.279337, -23.8924
-7.291325, -23.92995
-7.306264, -23.97639
-7.320616, -24.01889
-7.335548, -24.05879
-7.353857, -24.10462
-7.37185, -24.14824
-7.389556, -24.18933
-7.407102, -24.23017
-7.421113, -24.26622
-7.43462, -24.30652
-7.445794, -24.34588
-7.45626, -24.38982
-7.465596, -24.4344
-7.473861, -24.47831
-7.481098, -24.51987
-7.488106, -24.56738
-7.492715, -24.60932
-7.495987, -24.65221
-7.498505, -24.70122
-7.499941, -24.73692
-7.501837, -24.77817
-7.505153, -24.8215
-7.510047, -24.86188
-7.516604, -24.90498
-7.523607, -24.94732
-7.529986, -24.98501
-7.536923, -25.02721
-7.542945, -25.06426
-7.551003, -25.1064
-7.560507, -25.14596
-7.569292, -25.17801
-7.578797, -25.2111
-7.590005, -25.24946
-7.598322, -25.28176
-7.604875, -25.31658
-7.60863, -25.35072
-7.610001, -25.38074
-7.6104, -25.41512
-7.61042, -25.44836
-7.610243, -25.48364
-7.609244, -25.5156
-7.607044, -25.55083
-7.603786, -25.5827
-7.599415, -25.61568
-7.593196, -25.65399
-7.585504, -25.69528
-7.578319, -25.73296
-7.570855, -25.77344
-7.556858, -25.7948
-7.542861, -25.81616
-7.528864, -25.83751
-7.514867, -25.85887
-7.50087, -25.88023
-7.486873, -25.90159
-7.472876, -25.92295
-7.458879, -25.94431
-7.444881, -25.96567
-7.430884, -25.98702
-7.416887, -26.00838
-7.40289, -26.02974
-7.388891, -26.0511
-7.395977, -26.04897
-7.403703, -26.04466
-7.411761, -26.03832
-7.419284, -26.02938
-7.423524, -26.02272
-7.428353, -26.0167
-7.435905, -26.0077
-7.441866, -26.00175
-7.447431, -25.99677
-7.454309, -25.99144
-7.461979, -25.98659
-7.470538, -25.9823
-7.480196, -25.97797
-7.489314, -25.97463
-7.499537, -25.97147
-7.511913, -25.96963
-7.524492, -25.96979
-7.536787, -25.97121
-7.55217, -25.97474
-7.567367, -25.97979
-7.583694, -25.98637
-7.601839, -25.99485
-7.62104, -26.00514
-7.64158, -26.01752
-7.663053, -26.03226
-7.684842, -26.0494
-7.708576, -26.071
-7.730293, -26.09277
-7.753592, -26.11785
-7.777489, -26.14437
-7.798586, -26.16773
-7.818537, -26.18855
-7.842715, -26.21114
-7.867764, -26.23197
-7.892882, -26.25011
-7.915837, -26.26545
-7.94714, -26.28619
-7.976753, -26.30597
-8.008278, -26.32745
-8.041773, -26.34991
-8.077736, -26.37286
-8.111591, -26.39294
-8.144949, -26.41159
-8.185949, -26.43378
-8.227505, -26.4564
-8.266777, -26.47845
-8.303657, -26.50212
-8.338589, -26.52787
-8.369595, -26.55359
-8.400146, -26.58025
-8.428152, -26.60476
-8.458815, -26.63181
-8.489203, -26.66024
-8.51293, -26.6851
-8.537736, -26.71719
-8.562792, -26.75281
-8.585356, -26.78443
-8.611326, -26.81833
-8.639617, -26.84968
-8.672369, -26.88099
-8.703699, -26.90604
-8.74247, -26.93201
-8.778629, -26.95309
-8.81271, -26.97111
-8.851849, -26.99081
-8.887547, -27.00824
-8.925191, -27.02614
-8.96344, -27.04395
-9.001092, -27.06114
-9.037098, -27.07776
-9.068619, -27.09309
-9.102644, -27.11147
-9.131825, -27.1299
-9.157141, -27.1472
-9.185514, -27.16808
-9.212303, -27.18778
-9.233748, -27.20416
-9.25848, -27.22404
-9.282301, -27.2448
-9.309256, -27.2716
-9.329801, -27.29495
-9.34804, -27.31945
-9.365292, -27.34798
-9.379508, -27.37219
-9.394092, -27.3954
-9.406821, -27.41813
-9.414997, -27.43451
-9.421702, -27.44871
-9.42837, -27.46144
-9.435113, -27.47257
-9.440987, -27.48089
-9.447044, -27.48764
-9.453022, -27.49144
-9.460648, -27.49488
-9.469198, -27.49738
-9.479602, -27.49831
-9.491381, -27.498
-9.502356, -27.49666
-9.512756, -27.49446
-9.52568, -27.4904
-9.538214, -27.48516
-9.554852, -27.47726
-9.571057, -27.46906
-9.59152, -27.4593
-9.611934, -27.44783
-9.631919, -27.43465
-9.651297, -27.42095
-9.669628, -27.40638
-9.685844, -27.39064
-9.69964, -27.37476
-9.709425, -27.36115
-9.716738, -27.34838
-9.722091, -27.33354
-9.722673, -27.32284
-9.718729, -27.3094
-9.71186, -27.29993
-9.703858, -27.29241
-9.69494, -27.287
-9.687097, -27.28251
-9.681061, -27.27784
-9.67722, -27.27354
-9.673656, -27.26579
-9.669243, -27.25418
-9.667, -27.24778
-9.662536, -27.23561
-9.657138, -27.22146
-9.650732, -27.20535
-9.642927, -27.1874
-9.634859, -27.16684
-9.626625, -27.14353
-9.618566, -27.11881
-9.610597, -27.09324
-9.602232, -27.06086
-9.598211, -27.03858
-9.596299, -27.01355
-9.596027, -26.99397
-9.597392, -26.9676
-9.601282, -26.94015
-9.608047, -26.91191
-9.618463, -26.87879
-9.630209, -26.84848
-9.645432, -26.81391
-9.660775, -26.78312
-9.676551, -26.75648
-9.697598, -26.72561
-9.721718, -26.69304
-9.739311, -26.6709
-9.760835, -26.64392
-9.784554, -26.61041
-9.804171, -26.57623
-9.815612, -26.55324
-9.831861, -26.5171
-9.843321, -26.48914
-9.854584, -26.46076
-9.866042, -26.43156
-9.877295, -26.40139
-9.88637, -26.37547
-9.895968, -26.34532
-9.905451, -26.31025
-9.913951, -26.27358
-9.921803, -26.23527
-9.929008, -26.19613
-9.935356, -26.16254
-9.943456, -26.12128
-9.951875, -26.08691
-9.961771, -26.0557
-9.971956, -26.02752
-9.977949, -26.00349
-9.983942, -25.97946
-9.989935, -25.95543
-9.995928, -25.9314
-10.00192, -25.90738
-10.00791, -25.88335
-10.01391, -25.85932
-10.0199, -25.83529
-10.02589, -25.81126
-10.03189, -25.78723
-10.03788, -25.7632
-10.04387, -25.73917
-10.04986, -25.71515
-10.05586, -25.69112
-10.06185, -25.66709
-10.06784, -25.64306
-10.07384, -25.61903
-10.07983, -25.595
-10.08582, -25.57097
-10.09181, -25.54694
-10.09781, -25.52292
-10.0774, -25.51995
-10.05923, -25.51814
-10.04348, -25.5165
-10.03077, -25.51482
-10.02264, -25.5128
-10.01582, -25.50892
-10.01095, -25.50257
-10.00778, -25.4943
-10.00693, -25.48384
-10.00782, -25.47062
-10.01067, -25.45478
-10.01548, -25.43754
-10.02221, -25.4193
-10.03136, -25.39948
-10.04209, -25.37794
-10.05402, -25.3544
-10.06539, -25.33083
-10.07557, -25.30745
-10.08637, -25.27763
-10.0947, -25.24846
-10.09827, -25.22737
-10.10276, -25.19434
-10.10497, -25.15768
-10.10438, -25.11995
-10.10084, -25.08073
-10.09485, -25.04012
-10.08724, -24.99882
-10.08098, -24.96485
-10.07649, -24.92879
-10.07435, -24.88829
-10.07477, -24.84727
-10.07649, -24.80594
-10.07843, -24.76422
-10.0801, -24.72077
-10.08168, -24.67534
-10.08351, -24.62838
-10.08648, -24.5811
-10.09128, -24.53906
-10.09938, -24.49345
-10.11121, -24.43584
-10.12576, -24.36895
-10.13434, -24.32486
-10.14145, -24.27221
-10.14541, -24.21956
-10.14708, -24.16803
-10.1486, -24.11606
-10.14969, -24.0627
-10.15043, -24.00774
-10.15021, -23.95169
-10.14789, -23.89588
-10.14413, -23.84898
-10.13853, -23.79683
-10.13227, -23.73994
-10.12726, -23.68564
-10.12573, -23.63265
-10.12826, -23.58019
-10.13332, -23.53062
-10.13947, -23.48202
-10.14509, -23.43156
-10.15081, -23.37945
-10.15673, -23.32637
-10.16359, -23.27387
-10.17147, -23.22617
-10.17976, -23.18265
-10.18938, -23.13052
-10.19704, -23.0789
-10.20228, -23.0266
-10.20455, -22.97487
-10.2055, -22.92406
-10.20614, -22.87292
-10.20697, -22.82051
-10.20796, -22.76753
-10.2085, -22.71413
-10.20765, -22.66952
-10.20537, -22.62022
-10.20203, -22.56633
-10.19866, -22.51267
-10.19644, -22.46048
-10.19728, -22.40847
-10.20244, -22.35663
-10.21142, -22.30534
-10.22245, -22.25451
-10.23333, -22.20436
-10.24309, -22.15458
-10.25507, -22.10393
-10.26775, -22.05743
-10.27965, -22.01559
-10.29546, -21.96449
-10.31196, -21.9139
-10.32761, -21.8658
-10.34286, -21.81639
-10.35406, -21.76341
-10.36203, -21.71164
-10.36834, -21.66153
-10.37453, -21.61128
-10.38015, -21.55987
-10.38548, -21.51675
-10.39084, -21.46722
-10.39621, -21.41034
-10.39924, -21.35062
-10.40003, -21.28803
-10.39833, -21.22343
-10.39579, -21.15942
-10.39493, -21.09615
-10.39622, -21.03708
-10.40172, -20.98579
-10.41066, -20.94057
-10.42042, -20.8981
-10.42998, -20.8621
-10.43906, -20.83094
-10.45011, -20.7933
-10.46115, -20.75519
-10.47279, -20.71518
-10.48573, -20.67327
-10.50008, -20.62905
-10.51612, -20.58234
-10.53434, -20.53272
-10.55474, -20.48077
-10.57648, -20.42768
-10.57427, -20.40216
-10.57207, -20.37664
-10.56986, -20.35112
-10.56766, -20.32561
-10.56545, -20.30009
-10.56324, -20.27457
-10.56104, -20.24905
-10.55883, -20.22353
-10.55663, -20.19801
-10.55442, -20.17249
-10.55222, -20.14698
-10.55001, -20.12146
-10.5478, -20.09594
-10.5456, -20.07042
-10.54339, -20.0449
-10.54119, -20.01938
-10.53898, -19.99387
-10.53677, -19.96835
-10.53457, -19.94283
-10.53236, -19.91731
-10.53016, -19.89179
-10.52795, -19.86627
-10.50969, -19.86429
-10.49196, -19.86222
-10.47953, -19.86013
-10.46863, -19.85731
-10.45927, -19.85229
-10.45101, -19.84505
-10.44526, -19.83639
-10.44051, -19.82503
-10.43572, -19.80777
-10.43219, -19.78926
-10.42972, -19.76901
-10.42774, -19.74241
-10.42695, -19.7122
-10.42703, -19.68127
-10.42812, -19.65066
-10.43136, -19.61113
-10.43725, -19.5695
-10.44447, -19.52633
-10.45195, -19.48116
-10.45929, -19.43491
-10.46511, -19.38953
-10.46816, -19.34493
-10.46932, -19.30058
-10.47005, -19.25623
-10.46955, -19.21041
-10.46883, -19.17058
-10.46806, -19.12597
-10.46739, -19.07577
-10.46545, -19.02326
-10.46166, -18.96945
-10.45598, -18.91485
-10.4493, -18.85995
-10.44219, -18.80383
-10.43728, -18.74859
-10.43569, -18.69317
-10.43713, -18.63841
-10.43988, -18.58861
-10.44241, -18.54311
-10.44606, -18.48786
-10.45022, -18.43117
-10.45528, -18.37424
-10.46253, -18.31656
-10.47261, -18.25818
-10.48459, -18.19991
-10.49647, -18.14279
-10.50651, -18.08867
-10.51386, -18.03514
-10.51914, -17.97183
-10.52142, -17.9253
-10.52465, -17.87147
-10.52932, -17.81978
-10.53487, -17.75955
-10.54028, -17.70653
-10.54507, -17.65088
-10.54822, -17.59119
-10.55137, -17.53534
-10.55525, -17.48324
-10.56194, -17.42314
-10.57192, -17.36648
-10.58292, -17.31887
-10.59501, -17.27275
-10.61063, -17.21267
-10.62565, -17.1584
-10.64522, -17.0964
-10.66419, -17.04266
-10.68671, -16.98796
-10.70948, -16.93476
-10.73248, -16.88387
-10.75425, -16.83204
-10.77383, -16.77889
-10.79119, -16.72569
-10.80564, -16.68212
-10.82128, -16.63375
-10.838, -16.57994
-10.85562, -16.52503
-10.87345, -16.46945
-10.89068, -16.41439
-10.90499, -16.35835
-10.91881, -16.30248
-10.93161, -16.2471
-10.94679, -16.19341
-10.96499, -16.14034
-10.98348, -16.09398
-11.00121, -16.05421
-11.02261, -16.00748
-11.04496, -15.96213
-11.06726, -15.91665
-11.09024, -15.87231
-11.11452, -15.82984
-11.14027, -15.78969
-11.16648, -15.75123
-11.19182, -15.71284
-11.21545, -15.67379
-11.23699, -15.63427
-11.25395, -15.60256
-11.27068, -15.5667
-11.28853, -15.52859
-11.30562, -15.4892
-11.32161, -15.44905
-11.33579, -15.40704
-11.34779, -15.36344
-11.35758, -15.31838
-11.36603, -15.2737
-11.37406, -15.23046
-11.38282, -15.18939
-11.39217, -15.15356
-11.40182, -15.12375
-11.41354, -15.09212
-11.42495, -15.0636
-11.43648, -15.0377
-11.44838, -15.01429
-11.46057, -14.99404
-11.47274, -14.97626
-11.48461, -14.96112
-11.49573, -14.9478
-11.50562, -14.93567
-11.51472, -14.92538
-11.52171, -14.91625
-11.52858, -14.90774
-11.53492, -14.89848
-11.54046, -14.88931
-11.54496, -14.87973
-11.54827, -14.8694
-11.54959, -14.85793
-11.54887, -14.84658
-11.5435, -14.8322
-11.53766, -14.82474
-11.52493, -14.81601
-11.51393, -14.81069
-11.49899, -14.80585
-11.4818, -14.80254
-11.45867, -14.80079
-11.44257, -14.8014
-11.42206, -14.8021
-11.4031, -14.80238
-11.3859, -14.8026
-11.36681, -14.80246
-11.34659, -14.80229
-11.33168, -14.80073
-11.31877, -14.79828
-11.30509, -14.79364
-11.29491, -14.78788
-11.28145, -14.77776
-11.26911, -14.76511
-11.25796, -14.75084
-11.2458, -14.73194
-11.23555, -14.71275
-11.22597, -14.69232
-11.21484, -14.66659
-11.20503, -14.63947
-11.19425, -14.60787
-11.18589, -14.58244
-11.17675, -14.55325
-11.1612, -14.53345
-11.14565, -14.51364
-11.13011, -14.49384
-11.11456, -14.47403
-11.09901, -14.45423
-11.08346, -14.43442
-11.06792, -14.41462
-11.05237, -14.39481
-11.03682, -14.37501
-11.02127, -14.3552
-11.00572, -14.3354
-10.99018, -14.31559
-10.97463, -14.29579
-10.95908, -14.27598
-10.94353, -14.25618
-10.92799, -14.23637
-10.91244, -14.21657
-10.89689, -14.19676
-10.88135, -14.17696
-10.86875, -14.17746
-10.85649, -14.1776
-10.8455, -14.17563
-10.83844, -14.1728
-10.83145, -14.16774
-10.82478, -14.1592
-10.81962, -14.14851
-10.81457, -14.13729
-10.80696, -14.11993
-10.80031, -14.10613
-10.79, -14.08803
-10.77781, -14.07004
-10.76213, -14.0492
-10.74464, -14.02703
-10.72794, -14.00666
-10.7065, -13.98188
-10.67919, -13.95352
-10.656, -13.93097
-10.62782, -13.90518
-10.59531, -13.87384
-10.57099, -13.84809
-10.54909, -13.82175
-10.52707, -13.79154
-10.50172, -13.75133
-10.4811, -13.71458
-10.46386, -13.6811
-10.44086, -13.63351
-10.42542, -13.59937
-10.40511, -13.54968
-10.38859, -13.50272
-10.37207, -13.44959
-10.35844, -13.40199
-10.34542, -13.35716
-10.3339, -13.32148
-10.31543, -13.26961
-10.29547, -13.21918
-10.27857, -13.17854
-10.25776, -13.12844
-10.23665, -13.07676
-10.21644, -13.02688
-10.19514, -12.9752
-10.17508, -12.92982
-10.15141, -12.87749
-10.12624, -12.82153
-10.10408, -12.77158
-10.08833, -12.73381
-10.06633, -12.67404
-10.05173, -12.62745
-10.03669, -12.57467
-10.01945, -12.51073
-10.00599, -12.45817
-9.992231, -12.40123
-9.979138, -12.33928
-9.970199, -12.2841
-9.963575, -12.23165
-9.957768, -12.18072
-9.949951, -12.11775
-9.941096, -12.06278
-9.930284, -12.00914
-9.917377, -11.95041
-9.905458, -11.89552
-9.892813, -11.83552
-9.881829, -11.78165
-9.87007, -11.72417
-9.856309, -11.6631
-9.842244, -11.60847
-9.826723, -11.55036
-9.812312, -11.49954
-9.79867, -11.44746
-9.788054, -11.40033
-9.777143, -11.33728
-9.768703, -11.27836
-9.761997, -11.23266
-9.752144, -11.16816
-9.743793, -11.11393
-9.735018, -11.05266
-9.728561, -10.9952
-9.723694, -10.93379
-9.720493, -10.88665
-9.716516, -10.8386
-9.710508, -10.78603
-9.701233, -10.72759
-9.692419, -10.68123
-9.680264, -10.61892
-9.671768, -10.57631
-9.659553, -10.51695
-9.647168, -10.46152
-9.63448, -10.4136
-9.618889, -10.36257
-9.601456, -10.30978
-9.589171, -10.27362
-9.574106, -10.22572
-9.561029, -10.17943
-9.549572, -10.13064
-9.539785, -10.08343
-9.529735, -10.03605
-9.518757, -9.988796
-9.507416, -9.943013
-9.49612, -9.89841
-9.485334, -9.854845
-9.476488, -9.817688
-9.465891, -9.775725
-9.457129, -9.743959
-9.442997, -9.70191
-9.428503, -9.665738
-9.413904, -9.631452
-9.400274, -9.600278
-9.384982, -9.566837
-9.367373, -9.531368
-9.349266, -9.498725
-9.330827, -9.469883
-9.307687, -9.43964
-9.286829, -9.414902
-9.267696, -9.393025
-9.249546, -9.37584
-9.231396, -9.358655
-9.213245, -9.34147
-9.195095, -9.324285
-9.176945, -9.307099
-9.158794, -9.289914
-9.140644, -9.272729
-9.122494, -9.255544
-9.104343, -9.238358
-9.086193, -9.221173
-9.068043, -9.203988
-9.049892, -9.186803
-9.031742, -9.169618
-9.013592, -9.152432
-8.995441, -9.135247
-8.977291, -9.118062
-8.959141, -9.100877
-8.94099, -9.083692
-8.92284, -9.066506
-8.90469, -9.049321
-8.886539, -9.032136
-8.868389, -9.014951
-8.850239, -8.997766
-8.83209, -8.980588
-8.828151, -8.975534
-8.82538, -8.970618
-8.823513, -8.965359
-8.821239, -8.95862
-8.819385, -8.953133
-8.817716, -8.947229
-8.816173, -8.94224
-8.813295, -8.936802
-8.809546, -8.931874
-8.804919, -8.927316
-8.799091, -8.923358
-8.791316, -8.919718
-8.78216, -8.916351
-8.773228, -8.913679
-8.761808, -8.911482
-8.749133, -8.910414
-8.732901, -8.908926
-8.716028, -8.906435
-8.695585, -8.902001
-8.675692, -8.896612
-8.650775, -8.888226
-8.633318, -8.881659
-8.604743, -8.870115
-8.577688, -8.858227
-8.546244, -8.841975
-8.518252, -8.824886
-8.486973, -8.803901
-8.459787, -8.785426
-8.425627, -8.76306
-8.400285, -8.748991
-8.364161, -8.73155
-8.337818, -8.719847
-8.307216, -8.707191
-8.275341, -8.69449
-8.241772, -8.681398
-8.199887, -8.665346
-8.166365, -8.652847
-8.122011, -8.637584
-8.08699, -8.626251
-8.044421, -8.612572
-8.007522, -8.600533
-7.963998, -8.584685
-7.929907, -8.570714
-7.893394, -8.553437
-7.864329, -8.538248
-7.827053, -8.517876
-7.790285, -8.49779
-7.759408, -8.48165
-7.71915, -8.461676
-7.687695, -8.446169
-7.649811, -8.42701
-7.614147, -8.40849
-7.578959, -8.389336
