-0.05731703, 0.103892
-0.05708624, 0.1052684
-0.05698508, 0.1061392
-0.05704461, 0.1069667
-0.05710872, 0.1082575
-0.05785104, 0.1089785
-0.05937919, 0.1092276
-0.0610577, 0.1094376
-0.06297319, 0.1094856
-0.06529076, 0.1094987
-0.06801315, 0.1094907
-0.07060081, 0.109365
-0.07305967, 0.1093678
-0.07529664, 0.1093492
-0.07736635, 0.1092653
-0.07973264, 0.1096924
-0.08197423, 0.1101346
-0.08427785, 0.1103148
-0.08677436, 0.1105973
-0.08885642, 0.1106729
-0.09078667, 0.1106665
-0.09287572, 0.110716
-0.09480314, 0.1107006
-0.09658079, 0.1105419
-0.09812516, 0.110236
-0.09924134, 0.1097334
-0.09995558, 0.1095847
-0.1003727, 0.1096775
-0.1007942, 0.1096021
-0.1009567, 0.1096662
-0.1010143, 0.1095843
-0.1012267, 0.1094315
-0.1015598, 0.1093921
-0.1022824, 0.1089765
-0.1033743, 0.1087642
-0.1048682, 0.1082347
-0.1065365, 0.1071768
-0.107946, 0.1066535
-0.1090872, 0.1066842
-0.1102216, 0.1069975
-0.1110858, 0.1077827
-0.1121709, 0.1090361
-0.1133439, 0.1109112
-0.114113, 0.1127855
-0.1145456, 0.1148794
-0.114839, 0.1169334
-0.1138251, 0.1182634
-0.1118129, 0.1187629
-0.1102507, 0.1192914
-0.1091942, 0.119647
-0.1085303, 0.1192982
-0.1083837, 0.1189975
-0.1087534, 0.1182982
-0.1095296, 0.1183657
-0.110127, 0.1187759
-0.1102446, 0.1201787
-0.1094137, 0.1208276
-0.107634, 0.1199229
-0.1059186, 0.1188783
-0.104645, 0.1192441
-0.1030845, 0.119446
-0.1019529, 0.1187633
-0.1014671, 0.1183885
-0.1008924, 0.1181302
-0.1003571, 0.1175849
-0.0998068, 0.1170171
-0.09915899, 0.1164959
-0.09872854, 0.1160318
-0.09855098, 0.1154781
-0.09893912, 0.1155056
-0.09917909, 0.1148198
-0.09902924, 0.1146156
-0.09865566, 0.114643
-0.09884021, 0.1146985
-0.09925555, 0.1144257
-0.09974949, 0.1142617
-0.09969014, 0.1136498
-0.09898809, 0.1128968
-0.09864037, 0.1128277
-0.09915224, 0.1124932
-0.09975167, 0.1120507
-0.1006964, 0.1113652
-0.1013284, 0.1110476
-0.1020833, 0.1108788
-0.1030845, 0.1104828
-0.1040477, 0.1100635
-0.1048987, 0.1101193
-0.1061022, 0.11072
-0.1073069, 0.1112943
-0.1088458, 0.1122596
-0.1109635, 0.113887
-0.1133033, 0.1151828
-0.1159889, 0.1166784
-0.1195227, 0.1181918
-0.1228775, 0.1205668
-0.1257893, 0.1229035
-0.1274829, 0.1247448
-0.1280511, 0.1258229
-0.1273505, 0.1267924
-0.1261867, 0.1279702
-0.1248243, 0.1293953
-0.122449, 0.1317838
-0.1196974, 0.1343196
-0.1173111, 0.1370894
-0.1148993, 0.140781
-0.1131514, 0.145404
-0.1123306, 0.1500208
-0.1126029, 0.1555353
-0.114431, 0.1640562
-0.1169861, 0.1724911
-0.119557, 0.1772499
-0.1225967, 0.1785945
-0.1258534, 0.1807984
-0.1296608, 0.1843252
-0.1339455, 0.1892988
-0.1378516, 0.193893
-0.1423127, 0.1981224
-0.1472931, 0.2058267
-0.1513442, 0.2155353
-0.1544854, 0.2265804
-0.1562603, 0.2390487
-0.1574256, 0.2505118
-0.157897, 0.2635331
-0.1573556, 0.2803334
-0.1558275, 0.2961594
-0.1526703, 0.3127417
-0.1470874, 0.3327634
-0.1405625, 0.3508484
-0.1332624, 0.369494
-0.1245645, 0.3905607
-0.1158586, 0.4121241
-0.1074144, 0.4344195
-0.09998752, 0.4585932
-0.09491696, 0.4807582
-0.09050713, 0.504261
-0.08564528, 0.5317278
-0.08178661, 0.5565603
-0.07849, 0.5819215
-0.07477167, 0.6111383
-0.07194201, 0.6379133
-0.07056983, 0.664869
-0.07040948, 0.6964446
-0.07277542, 0.7275853
-0.07686922, 0.7582397
-0.08145969, 0.7888325
-0.08589277, 0.8156479
-0.08996701, 0.8418684
-0.09310246, 0.8715447
-0.09435192, 0.8972826
-0.0944915, 0.9238446
-0.09391282, 0.9540925
-0.09283587, 0.9794608
-0.09132603, 1.003815
-0.08906201, 1.031378
-0.08561825, 1.059061
-0.08062638, 1.086362
-0.07327858, 1.114145
-0.06551854, 1.137423
-0.05744683, 1.159813
-0.04778147, 1.186116
-0.03987061, 1.209633
-0.03310804, 1.233624
-0.02687833, 1.261881
-0.02255552, 1.286686
-0.01904424, 1.311622
-0.0161369, 1.339213
-0.01409062, 1.363943
-0.01182665, 1.387334
-0.008905251, 1.410707
-0.006268159, 1.43027
-0.004032407, 1.449071
-0.002476804, 1.470067
-0.001979013, 1.487675
-0.002472915, 1.503929
-0.004213076, 1.522338
-0.006880651, 1.538644
-0.01035354, 1.554497
-0.01492432, 1.572087
-0.01986878, 1.589387
-0.02462492, 1.605758
-0.02910144, 1.622035
-0.03268339, 1.6364
-0.03581649, 1.650393
-0.03850036, 1.66581
-0.04033045, 1.678078
-0.04173807, 1.689268
-0.04297478, 1.701507
-0.0435833, 1.711892
-0.04340868, 1.721643
-0.04208579, 1.732171
-0.03965032, 1.741665
-0.03647159, 1.749126
-0.03251781, 1.755081
-0.02859635, 1.760313
-0.02466565, 1.765507
-0.02016196, 1.771131
-0.01615607, 1.776676
-0.01211224, 1.782601
-0.007546075, 1.790017
-0.003934363, 1.796926
-0.0005209409, 1.803737
0.003458228, 1.811071
0.007217489, 1.817723
0.01072662, 1.824232
0.01422538, 1.829644
0.01706973, 1.834398
0.01973355, 1.838929
0.0223327, 1.843614
0.02437193, 1.847483
0.02634737, 1.850814
0.02856255, 1.854106
0.03051012, 1.856318
0.03273744, 1.858086
0.03567067, 1.859595
0.03885031, 1.860745
0.04209843, 1.861831
0.04543778, 1.863115
0.04823853, 1.86413
0.05104789, 1.865043
0.05393392, 1.865625
0.05595153, 1.86603
0.05773379, 1.867005
0.05928139, 1.868817
0.06047169, 1.870844
0.06141956, 1.873321
0.06203093, 1.877065
0.06194241, 1.881565
0.0609038, 1.887163
0.05893306, 1.892951
0.05646748, 1.898363
0.05342995, 1.904637
0.04890952, 1.912227
0.04420702, 1.919822
0.03893331, 1.928791
0.03261181, 1.940149
0.02669346, 1.951057
0.02060664, 1.962942
0.01368748, 1.977237
0.007054597, 1.992282
0.0009592958, 2.007371
-0.004591115, 2.021807
-0.009128024, 2.033188
-0.01317714, 2.043466
-0.0174681, 2.054348
-0.02112811, 2.063528
-0.02497574, 2.072473
-0.02994361, 2.082786
-0.03449602, 2.091973
-0.039123, 2.101215
-0.0446751, 2.111918
-0.05011811, 2.122859
-0.05547544, 2.134011
-0.06073004, 2.144466
-0.0654357, 2.152879
-0.07006583, 2.160845
-0.07488404, 2.170108
-0.07839553, 2.178176
-0.08129717, 2.186544
-0.08365189, 2.196527
-0.08472023, 2.205186
-0.08498886, 2.213864
-0.08390844, 2.223696
-0.08150282, 2.233535
-0.07784549, 2.243891
-0.07337885, 2.254723
-0.0687668, 2.264132
-0.06366688, 2.273823
-0.05782929, 2.284874
-0.05257193, 2.294432
-0.04735349, 2.303752
-0.04133395, 2.314417
-0.03610154, 2.32402
-0.03105832, 2.334245
-0.02541321, 2.346918
-0.02009284, 2.360722
-0.01497385, 2.375319
-0.009904414, 2.390032
-0.005575716, 2.40367
-0.001915809, 2.418303
0.001666497, 2.434713
0.004552757, 2.448272
0.007064205, 2.46135
0.009639405, 2.477135
0.01146159, 2.491414
0.007792111, 2.512298
0.004122631, 2.533182
0.0004531508, 2.554065
-0.003216329, 2.574949
-0.006885809, 2.595833
-0.01055529, 2.616717
-0.01422477, 2.637601
-0.01789425, 2.658484
-0.02156373, 2.679368
-0.02523321, 2.700252
-0.02890269, 2.721136
-0.03257217, 2.742019
-0.03040254, 2.74849
-0.02861024, 2.755515
-0.02700739, 2.764547
-0.0259646, 2.773195
-0.02529828, 2.782312
-0.02478923, 2.793339
-0.02455522, 2.805415
-0.02441265, 2.81899
-0.02430605, 2.832649
-0.02407911, 2.844207
-0.02336889, 2.856446
-0.02272817, 2.871361
-0.0220892, 2.885453
-0.02169187, 2.900587
-0.02226966, 2.918109
-0.02367318, 2.934427
-0.02625566, 2.951996
-0.03064662, 2.973027
-0.03682208, 2.994206
-0.04507623, 3.015477
-0.05497864, 3.03616
-0.06483287, 3.053553
-0.07486659, 3.069681
-0.0852595, 3.087798
-0.09323945, 3.104383
-0.1001273, 3.121765
-0.1067087, 3.141363
-0.1115526, 3.158012
-0.1154488, 3.174805
-0.119138, 3.194517
-0.1217097, 3.214931
-0.1233485, 3.236218
-0.1237601, 3.25836
-0.1230111, 3.278983
-0.1210675, 3.300534
-0.1175746, 3.325976
-0.1134521, 3.349047
-0.108311, 3.372951
-0.101062, 3.401435
-0.09411319, 3.428461
-0.0874006, 3.45707
-0.08021015, 3.490653
-0.07404431, 3.523958
-0.06953842, 3.557779
-0.06652201, 3.592012
-0.06494949, 3.622149
-0.06410569, 3.651933
-0.06368193, 3.684892
-0.06357548, 3.713946
-0.06385516, 3.743893
-0.06478044, 3.778946
-0.06642536, 3.80975
-0.06910157, 3.840478
-0.07354006, 3.875246
-0.07959308, 3.90884
-0.08662865, 3.942244
-0.09397898, 3.976435
-0.09978178, 4.006192
-0.1046228, 4.035399
-0.10792, 4.068561
-0.1094341, 4.098083
-0.1099096, 4.1272
-0.1095307, 4.159479
-0.1089289, 4.187537
-0.1080583, 4.215765
-0.1063811, 4.248441
-0.1038752, 4.281535
-0.09964783, 4.314943
-0.09302096, 4.348447
-0.08550966, 4.377674
-0.07671785, 4.406811
-0.06608516, 4.441216
-0.05708945, 4.471883
-0.04893378, 4.502048
-0.04138953, 4.536414
-0.03623134, 4.566415
-0.03214944, 4.59578
-0.02869786, 4.628297
-0.02602843, 4.659215
-0.02396572, 4.689506
-0.02200956, 4.719961
-0.02047329, 4.747309
-0.01956958, 4.775183
-0.0194654, 4.807312
-0.0203472, 4.835897
-0.02272404, 4.86434
-0.0270547, 4.89681
-0.03209823, 4.925489
-0.03786628, 4.954026
-0.04486626, 4.986809
-0.05137692, 5.019836
-0.05653216, 5.052889
-0.05994334, 5.085881
-0.06185931, 5.114743
-0.06276956, 5.142754
-0.06328583, 5.174295
-0.06375611, 5.201153
-0.06450384, 5.228179
-0.06538, 5.26003
-0.06591304, 5.287795
-0.06565428, 5.315667
-0.06359178, 5.347363
-0.06017103, 5.3785
-0.05512007, 5.409338
-0.04842128, 5.440183
-0.04207756, 5.467857
-0.03552476, 5.49697
-0.02839391, 5.530585
-0.02350557, 5.558747
-0.0200424, 5.587292
-0.01765968, 5.620386
-0.01715031, 5.649271
-0.01775472, 5.67734
-0.01932221, 5.712486
-0.02084606, 5.747839
-0.0221495, 5.779644
-0.02385106, 5.810958
-0.02566432, 5.838538
-0.02867101, 5.866422
-0.03369487, 5.89832
-0.03915045, 5.925654
-0.04565883, 5.952825
-0.05386965, 5.984201
-0.06055828, 6.011379
-0.06490467, 6.030401
-0.07033955, 6.060491
-0.07407462, 6.090961
-0.07707092, 6.122062
-0.07922222, 6.152988
-0.08083185, 6.178992
-0.08265971, 6.204523
-0.084435, 6.233771
-0.0853011, 6.258974
-0.08531089, 6.283748
-0.08346695, 6.311746
-0.08012423, 6.336054
-0.07508091, 6.36043
-0.06789149, 6.388083
-0.05925796, 6.41644
-0.05019572, 6.444987
-0.04155955, 6.47298
-0.03476872, 6.497598
-0.0295168, 6.523342
-0.0248347, 6.553424
-0.02181957, 6.579769
-0.0200559, 6.605669
-0.01861696, 6.634401
-0.01697512, 6.658608
-0.01493731, 6.682642
-0.01306896, 6.710382
-0.01165622, 6.738089
-0.01127515, 6.765559
-0.01250225, 6.793267
-0.01487728, 6.817671
-0.01856651, 6.842363
-0.02398321, 6.870924
-0.02891989, 6.896512
-0.03373145, 6.921495
-0.03918706, 6.948748
-0.04361985, 6.972159
-0.04748387, 6.995249
-0.05097421, 7.021462
-0.05377794, 7.047079
-0.05603717, 7.071126
-0.05830605, 7.093954
-0.06002389, 7.113583
-0.06158917, 7.133093
-0.06319147, 7.155089
-0.0640298, 7.174161
-0.06412496, 7.192567
-0.06342743, 7.213263
-0.06180954, 7.231115
-0.05879376, 7.249176
-0.05419019, 7.270311
-0.04864784, 7.292995
-0.04251799, 7.317272
-0.03610943, 7.342016
-0.03028139, 7.364447
-0.02434313, 7.386601
-0.01678276, 7.413937
-0.01197164, 7.432001
-0.006487326, 7.455089
-0.002180952, 7.478446
0.001109617, 7.499576
0.003524046, 7.518987
0.005925233, 7.540584
0.007469782, 7.561501
0.009136828, 7.581261
0.01012778, 7.599381
0.01034146, 7.618004
0.01002014, 7.632405
0.007599648, 7.655342
0.005179156, 7.678278
0.002758664, 7.701215
0.0003381716, 7.724152
-0.00208232, 7.747089
-0.004502812, 7.770026
-0.006923304, 7.792963
-0.009343796, 7.815899
-0.01176429, 7.838836
-0.01418478, 7.861774
-0.01070868, 7.868363
-0.006968183, 7.877327
-0.004615425, 7.884978
-0.002305829, 7.894443
-0.0007114758, 7.901317
0.001470254, 7.911383
0.003124503, 7.921577
0.004003744, 7.932362
0.004000798, 7.942758
0.003413811, 7.953488
0.002857995, 7.962538
0.002250371, 7.973975
0.00113778, 7.986598
-0.0005915451, 7.998444
-0.002674678, 8.010856
-0.005159914, 8.026238
-0.00757452, 8.040403
-0.01018388, 8.055174
-0.01322472, 8.073109
-0.01694195, 8.091873
-0.02131702, 8.111172
-0.02723067, 8.13131
-0.03361851, 8.149604
-0.04061476, 8.167672
-0.04952286, 8.188245
-0.05732762, 8.206522
-0.06414093, 8.223361
-0.07267835, 8.245499
-0.07915081, 8.264729
-0.0850416, 8.2857
-0.09057264, 8.309099
-0.09566587, 8.336357
-0.09990309, 8.36268
-0.1033374, 8.389285
-0.1055662, 8.413064
-0.1069912, 8.437628
-0.1071354, 8.467031
-0.1052352, 8.493608
-0.101071, 8.520646
-0.09403928, 8.552586
-0.08634994, 8.581329
-0.07822706, 8.610786
-0.06947877, 8.643991
-0.06364959, 8.669296
-0.05841986, 8.700535
-0.05474589, 8.733247
-0.05254516, 8.765468
-0.0507513, 8.797152
-0.04913394, 8.828428
-0.04768154, 8.855473
-0.04618454, 8.883245
-0.04484003, 8.916147
-0.04450306, 8.945571
-0.04530416, 8.971175
-0.04833156, 9.0093
-0.05269092, 9.038486
-0.05894607, 9.067205
-0.06705301, 9.100016
-0.07563215, 9.134092
-0.08355425, 9.168266
-0.08916567, 9.202026
-0.09291253, 9.231885
-0.09570704, 9.261242
-0.09781614, 9.293409
-0.09942601, 9.320258
-0.1013142, 9.34637
-0.1025001, 9.376586
-0.1026198, 9.403358
-0.101856, 9.430792
-0.0992257, 9.462156
-0.09476525, 9.493444
-0.08872341, 9.525682
-0.08100472, 9.558437
-0.07328647, 9.587594
-0.06562338, 9.617359
-0.05720474, 9.652454
-0.05102065, 9.683848
-0.04665684, 9.714763
-0.04307678, 9.747331
-0.04126769, 9.779189
-0.04045342, 9.808658
-0.04001576, 9.841795
-0.03949217, 9.873919
-0.03874749, 9.906522
-0.03800637, 9.939591
-0.03783209, 9.96831
-0.03847871, 9.997343
-0.04095073, 10.03074
-0.04423705, 10.06009
-0.04863908, 10.0896
-0.05539169, 10.12381
-0.06159129, 10.15476
-0.06753488, 10.18569
-0.07309207, 10.22028
-0.07672641, 10.25423
-0.07896459, 10.28823
-0.08055222, 10.3219
-0.08166384, 10.35032
-0.08286506, 10.37848
-0.08426005, 10.41157
-0.08492622, 10.44102
-0.08400057, 10.47029
-0.080497, 10.50415
-0.07587651, 10.53475
-0.070206, 10.56612
-0.06329144, 10.60279
-0.05596998, 10.64058
-0.04938238, 10.67665
-0.04286663, 10.71864
-0.03891842, 10.75361
-0.03666675, 10.78767
-0.03495503, 10.82595
-0.03395279, 10.85912
-0.03372243, 10.8915
-0.03359653, 10.9272
-0.0327726, 10.959
-0.03186635, 10.99112
-0.03125622, 11.02817
-0.03192086, 11.06538
-0.03456903, 11.10164
-0.03893317, 11.13746
-0.04346871, 11.16757
-0.0476976, 11.1983
-0.05227881, 11.23492
-0.05567145, 11.26783
-0.05748744, 11.30069
-0.05806555, 11.33761
-0.05781205, 11.3695
-0.05664742, 11.40066
-0.05494018, 11.43504
-0.05263636, 11.46885
-0.0500876, 11.50257
-0.04691121, 11.53605
-0.0428186, 11.56495
-0.03669898, 11.59321
-0.02821377, 11.6242
-0.02005533, 11.65078
-0.01132411, 11.67751
-0.002049697, 11.70871
0.004695255, 11.73558
0.009498755, 11.76173
0.01407265, 11.79197
0.01762732, 11.82257
0.02007763, 11.85137
0.02208587, 11.87845
0.02385088, 11.90189
0.02517368, 11.92558
0.02587588, 11.95271
0.02571998, 11.9763
0.02411726, 11.99969
0.0209908, 12.02624
0.01676392, 12.04882
0.01110317, 12.07088
0.003976095, 12.09722
-0.003169458, 12.12399
-0.009391584, 12.15026
-0.01494569, 12.17588
-0.01890323, 12.19761
-0.02175293, 12.21928
-0.02408599, 12.24331
-0.02562187, 12.26315
-0.02684054, 12.28091
-0.02824597, 12.30368
-0.02937738, 12.32211
-0.03028588, 12.3405
-0.03107745, 12.36178
-0.03132264, 12.38348
-0.03086182, 12.40511
-0.02947714, 12.42652
-0.02744615, 12.44531
-0.02447302, 12.46481
-0.02000736, 12.48855
-0.01546219, 12.51041
-0.01016444, 12.53231
-0.003543127, 12.55668
0.00192182, 12.57588
0.008602574, 12.59794
0.01528999, 12.61985
0.02097378, 12.64083
0.025236, 12.66097
0.02808529, 12.68074
0.02987892, 12.6978
0.03120094, 12.71411
0.03251014, 12.73104
0.03386332, 12.74506
0.03524453, 12.75883
0.03651017, 12.77476
0.03712558, 12.78868
0.03713723, 12.80242
0.03632739, 12.81826
0.0357962, 12.83988
0.035265, 12.8615
0.03473381, 12.88313
0.03420262, 12.90475
0.03367142, 12.92637
0.03314023, 12.94799
0.03260904, 12.96961
0.03207785, 12.99123
0.03154665, 13.01286
0.03101546, 13.03448
0.03048426, 13.0561
0.03547185, 13.06085
0.038637, 13.0652
0.04066528, 13.0704
0.04223051, 13.07763
0.04310727, 13.08469
0.04362494, 13.09277
0.04392459, 13.10289
0.04378652, 13.11225
0.04335324, 13.12268
0.04229164, 13.13586
0.04061836, 13.15048
0.03830901, 13.16637
0.0358734, 13.18358
0.03372698, 13.19983
0.03189947, 13.21688
0.02986369, 13.23808
0.0278701, 13.2583
0.02549704, 13.2792
0.02230893, 13.30439
0.01876884, 13.32753
0.01449595, 13.35137
0.008413295, 13.3795
0.0009171651, 13.40809
-0.007719235, 13.43628
-0.0165818, 13.46525
-0.0237807, 13.4909
-0.02958914, 13.51654
-0.03444416, 13.54731
-0.03784462, 13.57514
-0.04087494, 13.60271
-0.04375528, 13.6338
-0.04601189, 13.66198
-0.04777689, 13.69134
-0.04888108, 13.72545
-0.04778728, 13.76047
-0.04431841, 13.79614
-0.03927778, 13.83199
-0.03371454, 13.8634
-0.02727679, 13.89504
-0.02038001, 13.93174
-0.01595238, 13.9636
-0.01270677, 13.99588
-0.01009022, 14.0325
-0.008634654, 14.0643
-0.007674296, 14.09576
-0.006418841, 14.1315
-0.005146686, 14.16836
-0.004692229, 14.20577
-0.005914992, 14.24375
-0.008600411, 14.27722
-0.01349291, 14.31093
-0.02120997, 14.34945
-0.02870413, 14.38356
-0.03614345, 14.41883
-0.04393891, 14.45888
-0.04855307, 14.49359
-0.0513007, 14.5288
-0.05295759, 14.56791
-0.05356823, 14.60595
-0.05409598, 14.64365
-0.05483067, 14.68229
-0.05539766, 14.71701
-0.05542826, 14.75184
-0.05421774, 14.79136
-0.05098069, 14.82538
-0.04635289, 14.85988
-0.03977119, 14.89982
-0.03403886, 14.93522
-0.02917506, 14.97134
-0.02547651, 15.01281
-0.0241854, 15.05426
-0.02463404, 15.0951
-0.02604512, 15.13512
-0.0274799, 15.16903
-0.02891617, 15.20303
-0.03037627, 15.24226
-0.03218564, 15.2765
-0.03516646, 15.31083
-0.04043945, 15.35059
-0.04643604, 15.38499
-0.0541637, 15.41869
-0.06415318, 15.45694
-0.07468826, 15.49614
-0.08467671, 15.53566
-0.09271476, 15.57448
-0.09821346, 15.60791
-0.1029143, 15.6419
-0.1073731, 15.68029
-0.1106745, 15.71257
-0.1141141, 15.74438
-0.1180542, 15.78131
-0.1210925, 15.81366
-0.1232845, 15.84599
-0.1228855, 15.88295
-0.1192663, 15.92057
-0.1139389, 15.95823
-0.1073279, 15.99673
-0.1014512, 16.03077
-0.09626964, 16.06423
-0.09156486, 16.10121
-0.08827403, 16.13263
-0.08579966, 16.1636
-0.08344311, 16.1979
-0.08139013, 16.22713
-0.07921121, 16.25583
-0.07629178, 16.28892
-0.07401198, 16.32256
-0.07295165, 16.35677
-0.07326988, 16.3912
-0.07462249, 16.42083
-0.07712834, 16.45074
-0.08144639, 16.48552
-0.08543003, 16.51658
-0.08857158, 16.54861
-0.09167928, 16.58625
-0.09293302, 16.61935
-0.09287192, 16.65171
-0.09256763, 16.68839
-0.09152588, 16.7236
-0.09053986, 16.75721
-0.08956185, 16.79091
-0.08812173, 16.82035
-0.08602057, 16.84927
-0.08231314, 16.88116
-0.07757352, 16.90769
-0.07150906, 16.93319
-0.06302832, 16.9616
-0.05485283, 16.9868
-0.04711002, 17.01288
-0.03943478, 17.04202
-0.03366531, 17.07106
-0.02935546, 17.10035
-0.02644589, 17.12992
-0.02496594, 17.15532
-0.0242617, 17.17932
-0.02373654, 17.20569
-0.02345365, 17.22915
-0.02375206, 17.25247
-0.02466646, 17.27875
-0.02657649, 17.30116
-0.02977715, 17.32265
-0.03433375, 17.34598
-0.03992955, 17.36903
-0.04563752, 17.39252
-0.05050749, 17.41504
-0.05430084, 17.43361
-0.05745716, 17.45229
-0.06079482, 17.47407
-0.06280046, 17.49307
-0.06454678, 17.51124
-0.06652857, 17.53151
-0.0679251, 17.54919
-0.06906025, 17.56697
-0.07015749, 17.5875
-0.07050273, 17.60814
-0.06968, 17.6289
-0.06801235, 17.64906
-0.06594122, 17.66591
-0.06321262, 17.68299
-0.05984007, 17.70319
-0.05678328, 17.72059
-0.05368298, 17.73792
-0.05010316, 17.75831
-0.04739041, 17.77589
-0.04431779, 17.79345
-0.0409774, 17.81288
-0.03715027, 17.83171
-0.03390497, 17.84998
-0.03065669, 17.86821
-0.02767981, 17.88424
-0.02474753, 17.90045
-0.02173817, 17.91902
-0.01909216, 17.93584
-0.01694482, 17.95293
-0.01497489, 17.97253
-0.01381526, 17.98956
-0.01301348, 18.00581
-0.01596121, 18.02815
-0.01890893, 18.05049
-0.02185666, 18.07283
-0.02480438, 18.09517
-0.02775211, 18.11751
-0.03069983, 18.13985
-0.03364756, 18.1622
-0.03659528, 18.18454
-0.03716037, 18.19321
-0.038476, 18.20318
-0.0409399, 18.21578
-0.04371545, 18.22744
-0.04734079, 18.24022
-0.0521396, 18.256
-0.05717484, 18.27226
-0.06278699, 18.28905
-0.06825279, 18.30653
-0.0732717, 18.32258
-0.07821116, 18.33929
-0.08377406, 18.35842
-0.08908528, 18.37509
-0.09476236, 18.39281
-0.1012495, 18.41295
-0.106656, 18.43034
-0.112141, 18.44851
-0.1178877, 18.47038
-0.12286, 18.49334
-0.1269335, 18.5172
-0.1307962, 18.54174
-0.1338765, 18.56434
-0.1363432, 18.58837
-0.1382526, 18.6169
-0.1388938, 18.6426
-0.1380928, 18.66898
-0.135258, 18.70001
-0.1312057, 18.72788
-0.1262756, 18.75611
-0.1208636, 18.78971
-0.1167259, 18.82382
-0.1143411, 18.85777
-0.1133932, 18.89277
-0.113321, 18.92349
-0.1136727, 18.9535
-0.1137006, 18.98848
-0.1136902, 19.01991
-0.1141002, 19.05115
-0.1155221, 19.08676
-0.1182102, 19.11806
-0.1225577, 19.14939
-0.1291866, 19.18507
-0.1373781, 19.22106
-0.1457729, 19.25708
-0.1521427, 19.29239
-0.1555485, 19.32354
-0.1577449, 19.35495
-0.1591363, 19.38906
-0.1598616, 19.41767
-0.1602788, 19.44604
-0.1605628, 19.47912
-0.1603842, 19.50788
-0.1591584, 19.53657
-0.1558194, 19.56906
-0.1504059, 19.6001
-0.1431067, 19.63059
-0.1338276, 19.66204
-0.1253155, 19.69018
-0.1177961, 19.71839
-0.1102752, 19.75073
-0.1049778, 19.77866
-0.1008745, 19.80622
-0.09727378, 19.83639
-0.09464004, 19.8615
-0.09209687, 19.88594
-0.08907443, 19.91472
-0.08644104, 19.94388
-0.08475807, 19.97297
-0.08453862, 20.00223
-0.08569682, 20.02746
-0.08800995, 20.052
-0.09181998, 20.07927
-0.09574658, 20.10294
-0.09967712, 20.12676
-0.1037564, 20.15388
-0.1063303, 20.17741
-0.1074321, 20.20134
-0.1076082, 20.22879
-0.1067365, 20.25548
-0.1055065, 20.28079
-0.1036981, 20.30614
-0.1015105, 20.3285
-0.09851205, 20.35036
-0.09379482, 20.37418
-0.08825535, 20.39291
-0.08171725, 20.40956
-0.07390917, 20.42841
-0.06706256, 20.44509
-0.06130534, 20.46147
-0.05596936, 20.47982
-0.05166119, 20.49927
-0.04855362, 20.51986
-0.04674558, 20.54024
-0.04599343, 20.55789
-0.04603919, 20.5752
-0.04654972, 20.59553
-0.04729751, 20.61402
-0.04908875, 20.63235
-0.05273974, 20.65297
-0.05746036, 20.67063
-0.06311572, 20.68818
-0.07047377, 20.70735
-0.07800642, 20.7262
-0.08468749, 20.74535
-0.09037194, 20.76516
-0.0944823, 20.78291
-0.0980555, 20.80107
-0.1015267, 20.82198
-0.1040659, 20.84045
-0.1064639, 20.85912
-0.1086094, 20.88111
-0.1099302, 20.90111
-0.1104658, 20.9219
-0.1092527, 20.94669
-0.106341, 20.97179
-0.1014535, 20.99746
-0.09516858, 21.02353
-0.08866336, 21.04693
-0.08195157, 21.07088
-0.07444405, 21.09764
-0.06810395, 21.12048
-0.06228564, 21.1437
-0.0565942, 21.17055
-0.05258, 21.19418
-0.04950648, 21.21751
-0.04616866, 21.24491
-0.04331374, 21.26825
-0.04049063, 21.29336
-0.03811176, 21.31859
-0.03648004, 21.3407
-0.03525818, 21.36301
-0.03495085, 21.38874
-0.03573732, 21.41061
-0.037773, 21.43418
-0.04087753, 21.45941
-0.04467527, 21.48305
-0.04955715, 21.50707
-0.05608157, 21.53841
-0.06217112, 21.56633
-0.06779577, 21.59788
-0.07121579, 21.62613
-0.07326465, 21.65071
-0.0747345, 21.67443
-0.07629559, 21.70006
-0.07816342, 21.72166
-0.08027167, 21.74277
-0.08232247, 21.76324
-0.08414771, 21.78444
-0.08490174, 21.80527
-0.0845467, 21.82682
-0.0827099, 21.8507
-0.07955056, 21.87229
-0.07514742, 21.89375
-0.07158984, 21.90881
-0.0665843, 21.92816
-0.06042234, 21.95206
-0.05515506, 21.97359
-0.0502747, 21.99445
-0.04591746, 22.01471
-0.04193713, 22.0351
-0.03877535, 22.05434
-0.03608295, 22.07502
-0.03372417, 22.09524
-0.03145265, 22.11786
-0.02943001, 22.1368
-0.02740998, 22.1537
-0.02579952, 22.1696
-0.02410255, 22.19054
-0.0236582, 22.20801
-0.02415917, 22.2242
-0.02590541, 22.24499
-0.02842007, 22.26172
-0.0317361, 22.27788
-0.03655081, 22.29657
-0.04215131, 22.31523
-0.0474637, 22.33122
-0.05406418, 22.35061
-0.0599604, 22.36744
-0.06442446, 22.38091
-0.07049549, 22.40108
-0.07430295, 22.41567
-0.07830893, 22.43347
-0.08197737, 22.45127
-0.08496071, 22.46575
-0.08755822, 22.47947
-0.09008589, 22.49482
-0.09193759, 22.51015
-0.09282994, 22.52534
-0.09281341, 22.54026
-0.09179586, 22.55341
-0.08989776, 22.56462
-0.08518976, 22.58067
-0.08060376, 22.59325
-0.0761444, 22.60558
-0.07038674, 22.62247
-0.06579456, 22.63744
-0.06143273, 22.65234
-0.0566946, 22.66962
-0.0521703, 22.68752
-0.04776762, 22.70581
-0.04371427, 22.72499
-0.04034375, 22.74265
-0.03718429, 22.76163
-0.03428626, 22.78249
-0.03143893, 22.8028
-0.02867046, 22.82121
-0.02558128, 22.84258
-0.0232511, 22.8616
-0.02130784, 22.88067
-0.01970454, 22.90203
-0.01974313, 22.92296
-0.02060209, 22.94408
-0.02222827, 22.96536
-0.02412941, 22.98358
-0.02587937, 23.00204
-0.02756945, 23.02288
-0.02902199, 23.04109
-0.03967506, 23.06024
-0.05032812, 23.07939
-0.06098119, 23.09854
-0.07163426, 23.11769
-0.08228733, 23.13684
-0.09294041, 23.15599
-0.1035935, 23.17514
-0.1142465, 23.19429
-0.1248996, 23.21343
-0.1306874, 23.21721
-0.1374138, 23.22104
-0.1432058, 23.22437
-0.1505081, 23.229
-0.1571784, 23.2329
-0.1632518, 23.23586
-0.1699662, 23.23844
-0.1752715, 23.24068
-0.1798348, 23.24358
-0.1839887, 23.24702
-0.1873024, 23.25109
-0.1900554, 23.2584
-0.192369, 23.2695
-0.1945451, 23.2816
-0.1966792, 23.29583
-0.1990433, 23.31394
-0.20083, 23.33134
-0.2018374, 23.35036
-0.2018462, 23.3735
-0.2004782, 23.39556
-0.1973949, 23.41896
-0.1919757, 23.4459
-0.1857069, 23.47379
-0.1801072, 23.50267
-0.175958, 23.53161
-0.1737122, 23.55765
-0.1731535, 23.58471
-0.1737099, 23.61541
-0.1746679, 23.64183
-0.1759869, 23.66946
-0.1782129, 23.70296
-0.181085, 23.73279
-0.1852856, 23.76327
-0.1918336, 23.79788
-0.2001486, 23.83214
-0.2096116, 23.86595
-0.2195781, 23.89939
-0.2279428, 23.92814
-0.2346664, 23.95682
-0.2403637, 23.99135
-0.243952, 24.02297
-0.2463458, 24.05404
-0.2482583, 24.08863
-0.2496969, 24.11893
-0.2512038, 24.14999
-0.2529163, 24.1861
-0.2539017, 24.22305
-0.252555, 24.261
-0.2487674, 24.29938
-0.244114, 24.33263
-0.2380081, 24.36635
-0.2309068, 24.40621
-0.2252723, 24.44103
-0.2209965, 24.47606
-0.2177986, 24.51716
-0.216547, 24.55298
-0.2163965, 24.58754
-0.2164696, 24.62573
-0.2163275, 24.66434
-0.2158363, 24.70493
-0.2159466, 24.74681
-0.216911, 24.78373
-0.2193167, 24.82078
-0.2241503, 24.86382
-0.229801, 24.90139
-0.2362885, 24.93873
-0.2436001, 24.98174
-0.2484045, 25.01868
-0.2514954, 25.05521
-0.252809, 25.09774
-0.2523308, 25.13969
-0.2509451, 25.18093
-0.2494818, 25.22179
-0.2485878, 25.2581
-0.2474835, 25.29477
-0.2447332, 25.33687
-0.2404083, 25.3745
-0.2335472, 25.41235
-0.223846, 25.45475
-0.2143974, 25.49104
-0.2049984, 25.528
-0.1954503, 25.57208
-0.1876974, 25.61713
-0.1826313, 25.66013
-0.1796582, 25.70139
-0.1778596, 25.73625
-0.1762621, 25.77035
-0.1743013, 25.8094
-0.1724867, 25.84434
-0.1708785, 25.88035
-0.1700879, 25.9215
-0.1711295, 25.95662
-0.1737639, 25.99184
-0.1783316, 26.03203
-0.1842789, 26.07294
-0.1905575, 26.11541
-0.1957293, 26.1566
-0.1986319, 26.19109
-0.2002803, 26.22585
-0.2011141, 26.26398
-0.2013196, 26.29617
-0.2015406, 26.32758
-0.2014098, 26.36373
-0.2008331, 26.39572
-0.199462, 26.4273
-0.1957943, 26.46275
-0.1893229, 26.49842
-0.1815557, 26.53369
-0.1724776, 26.56899
-0.1644515, 26.59984
-0.1569882, 26.63103
-0.1496422, 26.66654
-0.1445479, 26.69694
-0.140633, 26.72667
-0.1375722, 26.75986
-0.1354194, 26.78737
-0.1334632, 26.81404
-0.1311916, 26.84516
-0.1293252, 26.87692
-0.1284732, 26.90839
-0.1294257, 26.9393
-0.1320613, 26.96557
-0.1361994, 26.99139
-0.1421749, 27.0211
-0.1480344, 27.04767
-0.15375, 27.07514
-0.1596133, 27.10723
-0.1635185, 27.13437
-0.1662297, 27.1604
-0.1684424, 27.18781
-0.1698614, 27.21803
-0.1707361, 27.24461
-0.171853, 27.27011
-0.1726007, 27.29251
-0.1729981, 27.3148
-0.1729897, 27.34017
-0.1720213, 27.36248
-0.1699877, 27.38428
-0.1664957, 27.40907
-0.1623524, 27.43093
-0.1574368, 27.4534
-0.151355, 27.48018
-0.1450953, 27.50768
-0.1388477, 27.53504
-0.1329565, 27.5626
-0.1276832, 27.58663
-0.1226542, 27.60971
-0.1171751, 27.63525
-0.1126597, 27.65694
-0.1086996, 27.67754
-0.1049799, 27.69967
-0.1023917, 27.71766
-0.100226, 27.73441
-0.09787832, 27.75262
-0.0950444, 27.77069
-0.09277862, 27.78833
-0.09106293, 27.80586
-0.08992534, 27.8205
-0.08921279, 27.83402
-0.08949757, 27.84888
-0.0901164, 27.86165
-0.09114797, 27.87449
-0.09298042, 27.88941
-0.09481233, 27.90312
-0.09682704, 27.91785
-0.09930266, 27.93587
-0.1018122, 27.9551
-0.1042757, 27.9748
-0.1069068, 27.99466
-0.1140527, 28.0163
-0.1211985, 28.03794
-0.1283444, 28.05958
-0.1354903, 28.08122
-0.1426362, 28.10286
-0.1497821, 28.1245
-0.156928, 28.14614
-0.1640738, 28.16779
-0.1712197, 28.18943
-0.1783656, 28.21107
-0.1855115, 28.23271
-0.1926573, 28.25435
-0.1919797, 28.26492
-0.1921602, 28.27487
-0.1928581, 28.28517
-0.194289, 28.29751
-0.1968821, 28.3105
-0.20046, 28.32461
-0.2047612, 28.3391
-0.2089175, 28.352
-0.2134441, 28.36557
-0.218603, 28.38182
-0.2231759, 28.39702
-0.2282859, 28.41372
-0.2349554, 28.4343
-0.2414982, 28.45353
-0.2488171, 28.47353
-0.2583575, 28.49773
-0.2680712, 28.522
-0.2778497, 28.54647
-0.2873013, 28.57096
-0.2952096, 28.59254
-0.3024266, 28.61542
-0.3096022, 28.64254
-0.3157987, 28.66611
-0.3219561, 28.69007
-0.3280491, 28.71891
-0.3326769, 28.74549
-0.3366222, 28.77312
-0.3393235, 28.80547
-0.3394799, 28.83872
-0.3370387, 28.87253
-0.3328323, 28.90677
-0.3284365, 28.93717
-0.3243924, 28.96849
-0.3215256, 29.00512
-0.3213526, 29.03667
-0.3231152, 29.06769
-0.32655, 29.10281
-0.3305567, 29.13302
-0.3349131, 29.16308
-0.3403448, 29.19894
-0.3464507, 29.23569
-0.353851, 29.27267
-0.3630913, 29.30939
-0.3725952, 29.34101
-0.3827992, 29.37164
-0.394077, 29.40668
-0.4026919, 29.43654
-0.4086588, 29.46445
-0.4127901, 29.49649
-0.4145528, 29.52556
-0.415241, 29.5537
-0.4154756, 29.58401
-0.4157897, 29.6145
-0.4159847, 29.64562
-0.4152532, 29.67775
-0.4133057, 29.70584
-0.4088943, 29.73405
-0.4014882, 29.76686
-0.3936554, 29.79578
-0.384851, 29.82452
-0.3743598, 29.85777
-0.365557, 29.88709
-0.3583231, 29.9165
-0.3518115, 29.94953
-0.3468093, 29.98234
-0.3430312, 30.01488
-0.3402476, 30.04579
-0.3377903, 30.07226
-0.3351582, 30.09976
-0.332352, 30.13145
-0.3304888, 30.15938
-0.3297933, 30.18745
-0.3306076, 30.2197
-0.3326443, 30.24812
-0.3362144, 30.27706
-0.3414447, 30.31096
-0.3466182, 30.34589
-0.3510633, 30.38115
-0.3534187, 30.41406
-0.35367, 30.44167
-0.3527584, 30.4696
-0.350953, 30.50015
-0.349695, 30.5254
-0.348715, 30.55054
-0.3473336, 30.57979
-0.3454565, 30.60506
-0.3423523, 30.6301
-0.3365577, 30.65838
-0.3285699, 30.68586
-0.3189434, 30.71339
-0.3083417, 30.74089
-0.2993271, 30.76504
-0.290894, 30.78957
-0.2828064, 30.81787
-0.2772961, 30.84309
-0.2733094, 30.86811
-0.2699156, 30.89723
-0.2679276, 30.92335
-0.2665743, 30.94843
-0.2651863, 30.97476
-0.2636002, 31.00063
-0.2622998, 31.02753
-0.2617101, 31.05533
-0.2625656, 31.08029
-0.2650838, 31.1054
-0.2696514, 31.13401
-0.2749182, 31.15913
-0.2811446, 31.18495
-0.2883665, 31.21577
-0.2943554, 31.24309
-0.2999144, 31.2698
-0.3054017, 31.29991
-0.309903, 31.32919
-0.3128131, 31.36
-0.3143272, 31.3912
-0.314896, 31.41712
-0.315281, 31.44113
-0.3151766, 31.46811
-0.3146781, 31.49219
-0.313234, 31.51663
-0.3100773, 31.54443
-0.3053327, 31.56876
-0.2988587, 31.5922
-0.2899957, 31.61819
-0.2798008, 31.64422
-0.2694784, 31.67141
-0.26033, 31.69787
-0.253896, 31.71977
-0.249076, 31.7413
-0.2445797, 31.76709
-0.2416052, 31.78921
-0.2393318, 31.80944
-0.2368206, 31.83232
-0.234633, 31.85318
-0.2325641, 31.87515
-0.2305125, 31.90112
-0.2296663, 31.9277
-0.2304844, 31.95487
-0.232643, 31.98281
-0.2359403, 32.00707
-0.240404, 32.03216
-0.2456305, 32.0613
-0.2498891, 32.08718
-0.2537503, 32.1128
-0.2572659, 32.14096
-0.259546, 32.16441
-0.2608966, 32.18829
-0.2615472, 32.21545
-0.2615992, 32.24115
-0.2618881, 32.26542
-0.2621026, 32.28962
-0.2622052, 32.31078
-0.2618743, 32.33222
-0.2606585, 32.35661
-0.2582973, 32.37744
-0.2547351, 32.3974
-0.2492737, 32.41962
-0.2437383, 32.43904
-0.2379012, 32.45884
-0.2310185, 32.48148
-0.2243635, 32.50405
-0.2181879, 32.52618
-0.2123979, 32.54741
-0.2079238, 32.56571
-0.2041381, 32.58385
-0.200725, 32.60416
-0.1982014, 32.62094
-0.1958593, 32.63585
-0.192757, 32.65131
-0.1897204, 32.6642
-0.1867997, 32.67631
-0.1836727, 32.68964
-0.1809445, 32.70285
-0.1788943, 32.7158
-0.1780277, 32.72858
-0.178254, 32.73972
-0.1793584, 32.75113
-0.1814289, 32.76387
-0.1841403, 32.77506
-0.1876759, 32.78685
-0.1920099, 32.80098
-0.1960078, 32.81398
-0.2004893, 32.82722
-0.2058585, 32.84212
-0.2116958, 32.85772
-0.2182451, 32.87399
-0.2247646, 32.89056
-0.2302713, 32.90504
-0.2354074, 32.91903
-0.2406817, 32.93484
-0.2445474, 32.94854
-0.2474309, 32.96255
-0.2499286, 32.97783
-0.2517211, 32.99007
-0.2530342, 33.00167
-0.2543218, 33.01446
-0.2553021, 33.0269
-0.2556394, 33.0393
-0.2551141, 33.05166
-0.253912, 33.06237
-0.2519179, 33.07266
-0.2487997, 33.08391
-0.2454493, 33.0939
-0.2388162, 33.11397
-0.2321832, 33.13404
-0.2255501, 33.15411
-0.2189171, 33.17418
-0.212284, 33.19424
-0.205651, 33.21431
-0.1990179, 33.23438
-0.1923848, 33.25445
-0.1857518, 33.27452
-0.1791187, 33.29459
-0.1724856, 33.31467
-0.1751129, 33.31908
-0.1788383, 33.32402
-0.1838564, 33.32978
-0.1889653, 33.33534
-0.1942223, 33.34142
-0.1999073, 33.34814
-0.2044969, 33.35387
-0.2088248, 33.35986
-0.2135576, 33.36745
-0.2179142, 33.37485
-0.2223734, 33.38311
-0.2274534, 33.39342
-0.2323779, 33.40524
-0.2365014, 33.41883
-0.2399475, 33.43376
-0.2425497, 33.44828
-0.2448158, 33.46448
-0.2469175, 33.48571
-0.2481828, 33.50611
-0.2485559, 33.52813
-0.2480062, 33.55439
-0.2460825, 33.57829
-0.2428234, 33.60359
-0.2372613, 33.63337
-0.2304287, 33.66391
-0.2235968, 33.69573
-0.217605, 33.72746
-0.2133637, 33.75557
-0.2102218, 33.78432
-0.2075818, 33.82033
-0.206066, 33.85159
-0.2050593, 33.879
-0.2041085, 33.91166
-0.2035905, 33.94169
-0.2038683, 33.97233
-0.2055954, 34.00822
-0.2091291, 34.04508
-0.2148388, 34.0826
-0.2224019, 34.11932
-0.2294071, 34.1513
-0.2358329, 34.18152
-0.241626, 34.21338
-0.2454742, 34.24231
-0.2483361, 34.27377
-0.2511318, 34.3093
-0.253368, 34.33887
-0.2562088, 34.3746
-0.2592265, 34.41131
-0.2615988, 34.44429
-0.2627316, 34.48275
-0.2614709, 34.51982
-0.2597739, 34.5433
-0.2550904, 34.58076
-0.2483493, 34.62127
-0.2423621, 34.65863
-0.2385574, 34.68679
-0.2342196, 34.73244
-0.2330394, 34.77068
-0.2333846, 34.79864
-0.2351166, 34.83806
-0.2381858, 34.88362
-0.2406774, 34.92233
-0.2436759, 34.96172
-0.2468666, 34.99618
-0.2510422, 35.03017
-0.2574431, 35.07
-0.2649293, 35.10575
-0.2732184, 35.14096
-0.2824261, 35.17852
-0.2904125, 35.21331
-0.2971434, 35.24891
-0.3025542, 35.28997
-0.305435, 35.32469
-0.3066278, 35.36725
-0.3071253, 35.40569
-0.3071263, 35.44107
-0.3064933, 35.47483
-0.3050867, 35.51336
-0.302077, 35.54722
-0.2963353, 35.58186
-0.2872137, 35.6217
-0.2779936, 35.65667
-0.268042, 35.69289
-0.257414, 35.73485
-0.2491769, 35.77583
-0.2433466, 35.81637
-0.2392097, 35.85741
-0.237161, 35.88903
-0.2355426, 35.92606
-0.2341349, 35.96389
-0.2331146, 35.9976
-0.2325042, 36.03195
-0.2326836, 36.0708
-0.2341282, 36.10463
-0.2372302, 36.13911
-0.2422038, 36.17814
-0.2488653, 36.21714
-0.2560327, 36.25682
-0.2618702, 36.29535
-0.2651244, 36.32851
-0.2668436, 36.36226
-0.2676833, 36.39944
-0.2676817, 36.43042
-0.2676328, 36.46039
-0.2677551, 36.49548
-0.2677484, 36.52664
-0.2670448, 36.55735
-0.2645041, 36.59238
-0.2588977, 36.62701
-0.2513548, 36.66153
-0.2423541, 36.6964
-0.2344803, 36.727
-0.2270699, 36.75836
-0.2197443, 36.79461
-0.2154643, 36.82611
-0.2117719, 36.8576
-0.2094816, 36.89134
-0.2085413, 36.92439
-0.2079413, 36.95403
-0.2071616, 36.98707
-0.2060599, 37.02072
-0.2056773, 37.05463
-0.2067281, 37.08841
-0.2093504, 37.11748
-0.2131516, 37.14626
-0.2184263, 37.17832
-0.2233672, 37.20656
-0.2279155, 37.23489
-0.2316935, 37.26635
-0.233394, 37.29311
-0.233639, 37.32048
-0.2325967, 37.35238
-0.2303253, 37.38284
-0.2276891, 37.41201
-0.2248542, 37.4414
-0.2220971, 37.46739
-0.2188813, 37.49375
-0.2137472, 37.52459
-0.2075892, 37.55156
-0.2000926, 37.57807
-0.1899754, 37.60791
-0.1801673, 37.63419
-0.1703596, 37.66096
-0.1598692, 37.69056
-0.1512894, 37.71856
-0.144149, 37.74541
-0.1382606, 37.77225
-0.1338199, 37.79427
-0.1302294, 37.81365
-0.1264833, 37.83386
-0.123255, 37.85162
-0.1206581, 37.8688
-0.1180467, 37.88726
-0.1164038, 37.90306
-0.1159953, 37.9183
-0.1160237, 37.93525
-0.1172308, 37.95164
-0.1189283, 37.96827
-0.1219355, 37.98592
-0.1254255, 38.00261
-0.1289577, 38.02096
-0.1329448, 38.04334
-0.1355902, 38.06197
-0.1384138, 38.08564
-0.1413323, 38.11125
-0.1438714, 38.13453
-0.1467601, 38.15828
-0.1495459, 38.18424
-0.151981, 38.20876
-0.153605, 38.23248
-0.151764, 38.25572
-0.1508141, 38.27542
-0.149765, 38.29406
-0.1484619, 38.31514
-0.1457383, 38.33676
-0.1430147, 38.35838
-0.1402911, 38.37999
-0.1375675, 38.40161
-0.1348439, 38.42323
-0.1321203, 38.44485
-0.1293967, 38.46647
-0.1314982, 38.47427
-0.1346842, 38.48121
-0.1395815, 38.48915
-0.1459494, 38.49735
-0.1531505, 38.50538
-0.161018, 38.51404
-0.1681293, 38.52239
-0.1750767, 38.53156
-0.1824338, 38.54325
-0.1884565, 38.55414
-0.1937418, 38.56603
-0.1987248, 38.58138
-0.2019818, 38.59683
-0.2040888, 38.61367
-0.2061984, 38.63342
-0.2080129, 38.65152
-0.2089351, 38.6712
-0.2085907, 38.69543
-0.2061802, 38.72086
-0.2011109, 38.7472
-0.194142, 38.77369
-0.186096, 38.79714
-0.1767589, 38.82084
-0.1663379, 38.84819
-0.1583727, 38.87159
-0.1520908, 38.89463
-0.1466007, 38.92253
-0.1428783, 38.94778
-0.1400605, 38.97204
-0.1377539, 38.99949
-0.135575, 39.02786
-0.1336492, 39.05794
-0.1322348, 39.08907
-0.1317408, 39.11684
-0.1325939, 39.14502
-0.1349794, 39.1776
-0.1388481, 39.20704
-0.144069, 39.23626
-0.1501444, 39.26978
-0.154491, 39.2983
-0.1579662, 39.32671
-0.1602786, 39.35999
-0.1610146, 39.394
-0.1606312, 39.42709
-0.1596569, 39.45967
-0.158207, 39.48859
-0.155781, 39.5182
-0.1514687, 39.55252
-0.1464947, 39.57949
-0.138202, 39.61139
-0.1288008, 39.64396
-0.1202288, 39.67197
-0.1121123, 39.7
-0.1046232, 39.73155
-0.09934837, 39.76243
-0.09617551, 39.79362
-0.09512448, 39.82561
-0.09544933, 39.85297
-0.0962615, 39.8793
-0.09787711, 39.90937
-0.09953941, 39.9363
-0.1018655, 39.96358
-0.1057538, 39.99524
-0.1105434, 40.02277
-0.1167546, 40.05009
-0.1251064, 40.08096
-0.1340682, 40.11183
-0.1425593, 40.14219
-0.1500245, 40.17204
-0.1553868, 40.19802
-0.1600081, 40.22471
-0.1650093, 40.25481
-0.1689648, 40.28021
-0.172895, 40.30492
-0.177185, 40.3334
-0.1806497, 40.35876
-0.1831554, 40.38437
-0.1840466, 40.41379
-0.1825741, 40.44358
-0.1794869, 40.47417
-0.1747486, 40.50545
-0.1692785, 40.5331
-0.1635457, 40.56146
-0.1574623, 40.59498
-0.1528569, 40.62461
-0.1493301, 40.65409
-0.1467901, 40.68669
-0.1459758, 40.71466
-0.1459725, 40.74196
-0.146431, 40.77235
-0.1467638, 40.80334
-0.1467749, 40.83622
-0.1472525, 40.86994
-0.1482536, 40.89932
-0.1505188, 40.92828
-0.15505, 40.9617
-0.1604439, 40.99135
-0.1663982, 41.02143
-0.1732417, 41.05622
-0.1793426, 41.08744
-0.1850899, 41.11886
-0.1896562, 41.15355
-0.1920097, 41.18814
-0.1929858, 41.2229
-0.1929898, 41.25648
-0.1931647, 41.28481
-0.1937275, 41.31266
-0.1944484, 41.34488
-0.1946443, 41.37418
-0.1940122, 41.40397
-0.1908634, 41.43798
-0.1860682, 41.46715
-0.1798267, 41.49625
-0.1713033, 41.52985
-0.1625925, 41.56386
-0.1546781, 41.5971
-0.147778, 41.6296
-0.1432142, 41.65773
-0.1398668, 41.68645
-0.1373621, 41.71832
-0.1359825, 41.74524
-0.1349179, 41.77137
-0.1339741, 41.80073
-0.1331877, 41.82601
-0.1325758, 41.85146
-0.1325777, 41.88028
-0.1336688, 41.9085
-0.136099, 41.93623
-0.1402078, 41.9633
-0.1446928, 41.98693
-0.1495567, 42.0108
-0.1552332, 42.03855
-0.1598769, 42.06283
-0.1640933, 42.0872
-0.1682481, 42.11525
-0.1708689, 42.13989
-0.1722796, 42.16466
-0.1732467, 42.19211
-0.1746239, 42.21859
-0.1762798, 42.24442
-0.1777664, 42.26978
-0.1784735, 42.29242
-0.1779918, 42.31563
-0.175518, 42.34268
-0.1716769, 42.36581
-0.1665555, 42.38812
-0.1590862, 42.41331
-0.1515266, 42.43557
-0.1437556, 42.45816
-0.1351812, 42.48289
-0.1275636, 42.50569
-0.1213605, 42.52782
-0.1165002, 42.54971
-0.1131378, 42.56874
-0.1106595, 42.58704
-0.1088271, 42.60627
-0.10767, 42.62148
-0.1061605, 42.63636
-0.1042613, 42.65364
-0.102778, 42.66957
-0.1016908, 42.6857
-0.1009825, 42.70457
-0.1008452, 42.72397
-0.1014865, 42.74331
-0.1032654, 42.76236
-0.1056454, 42.77858
-0.1088583, 42.79511
-0.1133314, 42.81398
-0.1177045, 42.83065
-0.1220471, 42.84702
-0.1269655, 42.86478
-0.1313203, 42.88028
-0.1355101, 42.89572
-0.1395112, 42.91299
-0.1428458, 42.93047
-0.145478, 42.94842
-0.1476605, 42.96604
-0.1492969, 42.98178
-0.150565, 42.99798
-0.1515197, 43.01712
-0.1516986, 43.03424
-0.1509031, 43.05186
-0.1490503, 43.07176
-0.1468648, 43.08955
-0.1441052, 43.10777
-0.1401674, 43.1293
-0.1358757, 43.15178
-0.1312641, 43.17334
-0.1262749, 43.19478
-0.1220977, 43.21363
-0.1178586, 43.23227
-0.1130509, 43.25304
-0.1089992, 43.27072
-0.1048732, 43.28822
-0.1002527, 43.30792
-0.1095107, 43.32651
-0.1187688, 43.3451
-0.1280268, 43.36369
-0.1372848, 43.38227
-0.1465428, 43.40086
-0.1558009, 43.41945
-0.1650589, 43.43804
-0.1743169, 43.45663
-0.1729676, 43.46521
-0.1723945, 43.47426
-0.1738499, 43.48361
-0.1762238, 43.49288
-0.1798121, 43.5037
-0.1857165, 43.51667
-0.19132, 43.52853
-0.1967161, 43.54074
-0.2019468, 43.55462
-0.2060674, 43.5671
-0.2093386, 43.57998
-0.2118012, 43.59603
-0.212544, 43.61283
-0.2123531, 43.63076
-0.2107555, 43.65051
-0.208102, 43.66872
-0.2040867, 43.68768
-0.1979783, 43.70925
-0.1911851, 43.72779
-0.1829196, 43.74653
-0.1723111, 43.76938
-0.1633362, 43.79037
-0.1551298, 43.81237
-0.1472005, 43.83889
-0.1417436, 43.86683
-0.1386212, 43.89514
-0.1367092, 43.92299
-0.135215, 43.94774
-0.1339197, 43.97379
-0.132993, 44.00539
-0.1330557, 44.0337
-0.1342483, 44.06357
-0.1374416, 44.09827
-0.1418957, 44.12927
-0.1482878, 44.16131
-0.1566754, 44.19813
-0.1649976, 44.23595
-0.1715064, 44.27218
-0.1754568, 44.3074
-0.1778669, 44.33883
-0.1800325, 44.36975
-0.1828132, 44.40402
-0.1858554, 44.43413
-0.1891371, 44.46525
-0.1926183, 44.50174
-0.1945835, 44.53447
-0.1941283, 44.56697
-0.1908796, 44.60445
-0.1856748, 44.643
-0.1787753, 44.68237
-0.1724913, 44.723
-0.1680108, 44.75825
-0.1653379, 44.79308
-0.1650723, 44.83213
-0.1666188, 44.86545
-0.1692268, 44.89748
-0.1730018, 44.93355
-0.1767789, 44.96679
-0.1808286, 45.00045
-0.1858662, 45.03811
-0.1917533, 45.07488
-0.1993577, 45.1112
-0.2076178, 45.14676
-0.2153415, 45.17853
-0.2236464, 45.21091
-0.2328031, 45.24671
-0.2394309, 45.27752
-0.2442025, 45.30849
-0.2473585, 45.34344
-0.2491764, 45.37407
-0.2495484, 45.40458
-0.248691, 45.43723
-0.2474098, 45.4684
-0.2456586, 45.50021
-0.2435408, 45.53226
-0.2404195, 45.55984
-0.2354161, 45.58588
-0.2281777, 45.61495
-0.2208028, 45.6399
-0.2130762, 45.66537
-0.2046769, 45.69521
-0.1980543, 45.72235
-0.1933041, 45.74854
-0.1895633, 45.77682
-0.1878907, 45.80567
-0.1870433, 45.83355
-0.1860838, 45.85944
-0.1853755, 45.88227
-0.1842197, 45.90498
-0.1839254, 45.93197
-0.1854579, 45.9565
-0.1877671, 45.98113
-0.1916078, 46.00932
-0.1970619, 46.03371
-0.2036277, 46.05717
-0.2118934, 46.0839
-0.2207422, 46.11036
-0.2294141, 46.13628
-0.2371334, 46.16145
-0.2428139, 46.18346
-0.2477073, 46.20505
-0.2526084, 46.23016
-0.256561, 46.25204
-0.2610883, 46.2726
-0.2677065, 46.29514
-0.2736452, 46.3154
-0.2789846, 46.33703
-0.2838507, 46.36199
-0.286792, 46.38686
-0.2882406, 46.4119
-0.2877895, 46.43723
-0.2857549, 46.45979
-0.2824421, 46.48305
-0.2766449, 46.51119
-0.2705224, 46.53664
-0.2643252, 46.56351
-0.2584618, 46.59574
-0.254366, 46.62358
-0.250742, 46.64943
-0.247914, 46.67751
-0.2468669, 46.70578
-0.2474221, 46.73408
-0.2494181, 46.76225
-0.2513536, 46.78731
-0.2527479, 46.81234
-0.2549797, 46.84143
-0.2572809, 46.86721
-0.2598944, 46.89312
-0.2634425, 46.92152
-0.2671548, 46.94598
-0.2716304, 46.97092
-0.2777289, 46.99925
-0.2838592, 47.02761
-0.288711, 47.05574
-0.2918281, 47.08319
-0.293435, 47.10718
-0.2946172, 47.13086
-0.2947845, 47.15681
-0.2949627, 47.17802
-0.2938859, 47.19896
-0.2914686, 47.22373
-0.2885343, 47.2459
-0.2846723, 47.26856
-0.2788135, 47.29444
-0.2711067, 47.3202
-0.2619555, 47.34564
-0.2509274, 47.37123
-0.2399477, 47.39461
-0.2282857, 47.41908
-0.2143628, 47.44678
-0.2034193, 47.47031
-0.1944681, 47.49342
-0.1859536, 47.51991
-0.1793209, 47.54295
-0.1735645, 47.56553
-0.168461, 47.59076
-0.1645798, 47.61545
-0.1615534, 47.63989
-0.1590329, 47.66515
-0.1577371, 47.68704
-0.1575339, 47.70827
-0.1583411, 47.73131
-0.1619878, 47.74997
-0.1643392, 47.76772
-0.1673595, 47.78762
-0.1702404, 47.80516
-0.1728601, 47.82236
-0.1755899, 47.84149
-0.1781709, 47.86021
-0.1808043, 47.87922
-0.1829301, 47.89931
-0.1845259, 47.91693
-0.1862662, 47.93372
-0.187729, 47.95242
-0.1886534, 47.96891
-0.1894094, 47.98588
-0.1895222, 48.00565
-0.1888819, 48.02338
-0.1875399, 48.0415
-0.1855078, 48.06223
-0.1824189, 48.0839
-0.1785673, 48.10691
-0.1743042, 48.13176
-0.1705221, 48.15377
-0.1669804, 48.17521
-0.1632363, 48.19968
-0.1595473, 48.22124
-0.1653598, 48.24224
-0.1711722, 48.26323
-0.1769847, 48.28423
-0.1827972, 48.30523
-0.1886096, 48.32622
-0.1944221, 48.34722
-0.2002346, 48.36821
-0.206047, 48.3892
-0.2069933, 48.39726
-0.2096735, 48.4065
-0.2141737, 48.42006
-0.2179263, 48.43164
-0.2240346, 48.44987
-0.2298797, 48.46814
-0.2357605, 48.48699
-0.2429205, 48.50863
-0.2512511, 48.53146
-0.2601345, 48.55412
-0.2691851, 48.5761
-0.2797816, 48.6018
-0.2889496, 48.62511
-0.2967437, 48.64582
-0.3082517, 48.67832
-0.3155563, 48.70194
-0.3234553, 48.73134
-0.3313147, 48.76167
-0.3393211, 48.79198
-0.3470801, 48.82369
-0.3534973, 48.85518
-0.3588213, 48.88802
-0.3621338, 48.91961
-0.3636044, 48.9566
-0.3629039, 48.98952
-0.3607285, 49.02073
-0.3570688, 49.06176
-0.354513, 49.09589
-0.3534342, 49.12999
-0.3545588, 49.16826
-0.3580565, 49.20554
-0.3628399, 49.24235
-0.3680167, 49.28018
-0.3722965, 49.31166
-0.3772005, 49.35114
-0.3829694, 49.39194
-0.3890456, 49.42662
-0.3956848, 49.46138
-0.4043996, 49.50183
-0.4121696, 49.53703
-0.4195149, 49.57218
-0.4257894, 49.61217
-0.4289852, 49.65237
-0.4299009, 49.69089
-0.4297393, 49.73409
-0.429149, 49.76898
-0.4284323, 49.80345
-0.4271396, 49.84389
-0.4252043, 49.87998
-0.4216015, 49.91609
-0.4146759, 49.9582
-0.4066967, 49.9953
-0.3975582, 50.03164
-0.3868554, 50.07358
-0.377264, 50.11595
-0.370194, 50.1581
-0.3656583, 50.20033
-0.3630361, 50.23639
-0.3609107, 50.27127
-0.3581837, 50.31084
-0.3552981, 50.34587
-0.3523457, 50.38127
-0.3496807, 50.42255
-0.3483373, 50.46017
-0.348231, 50.49866
-0.3500236, 50.54319
-0.3531041, 50.58858
-0.3564142, 50.63407
-0.3585205, 50.67899
-0.3585573, 50.71721
-0.356482, 50.75509
-0.3531931, 50.79813
-0.3497471, 50.83525
-0.3465288, 50.87212
-0.3431592, 50.91521
-0.3398858, 50.95449
-0.3359263, 50.99338
-0.3298941, 51.03683
-0.3216075, 51.07917
-0.3120219, 51.12041
-0.30195, 51.16086
-0.2942853, 51.1942
-0.2870311, 51.23421
-0.2822722, 51.27408
-0.2803275, 51.3075
-0.2798041, 51.34045
-0.2800626, 51.37759
-0.2800353, 51.40946
-0.2795056, 51.44189
-0.279319, 51.47898
-0.280386, 51.5167
-0.283489, 51.5546
-0.2892834, 51.59278
-0.2957363, 51.6264
-0.3030931, 51.65958
-0.3114515, 51.6978
-0.3173566, 51.73057
-0.3209647, 51.76205
-0.3230505, 51.79731
-0.3241945, 51.82795
-0.3250186, 51.8569
-0.3260391, 51.88928
-0.3275033, 51.92198
-0.3280741, 51.95468
-0.3275298, 51.98728
-0.3252685, 52.01525
-0.3210215, 52.04206
-0.3148438, 52.07321
-0.3083815, 52.10079
-0.3017153, 52.12886
-0.2946403, 52.16138
-0.289221, 52.19016
-0.2848748, 52.21867
-0.2809403, 52.25042
-0.2778632, 52.2828
-0.2759278, 52.31449
-0.2745981, 52.34444
-0.2734417, 52.36983
-0.2722791, 52.3961
-0.2716326, 52.42653
-0.2720832, 52.45321
-0.273841, 52.4776
-0.2779178, 52.50842
-0.2823509, 52.53305
-0.2872272, 52.55798
-0.2924407, 52.58788
-0.2962669, 52.61797
-0.2985858, 52.64649
-0.2999878, 52.67453
-0.3006901, 52.69946
-0.3007831, 52.72346
-0.3007799, 52.74984
-0.300125, 52.77225
-0.2987899, 52.79461
-0.2965103, 52.82111
-0.2938063, 52.84491
-0.2899961, 52.86889
-0.2843886, 52.89598
-0.2773275, 52.9231
-0.269242, 52.95176
-0.2610907, 52.98291
-0.2544771, 53.01059
-0.2484584, 53.03718
-0.2423342, 53.06746
-0.2373752, 53.0945
-0.2326956, 53.12214
-0.2278756, 53.15348
-0.2242917, 53.17466
-0.2207077, 53.19583
-0.2171238, 53.21701
-0.2135399, 53.23818
-0.2099559, 53.25936
-0.206372, 53.28053
-0.2027881, 53.30171
-0.1992041, 53.32288
-0.1956202, 53.34406
-0.1920363, 53.36523
-0.1869012, 53.37014
-0.1824613, 53.37595
-0.1787329, 53.38277
-0.175664, 53.38977
-0.1729582, 53.39772
-0.1702578, 53.40754
-0.1682819, 53.41686
-0.1668776, 53.42722
-0.1658505, 53.44035
-0.1656696, 53.45264
-0.1662602, 53.46576
-0.167666, 53.4824
-0.1697527, 53.50113
-0.1724822, 53.52106
-0.1764314, 53.54274
-0.1810734, 53.5635
-0.1863055, 53.58588
-0.1932366, 53.61311
-0.2003009, 53.63834
-0.2081564, 53.66469
-0.2185394, 53.6955
-0.2289428, 53.72281
-0.2402423, 53.74951
-0.2538761, 53.78088
-0.2666327, 53.81451
-0.2768873, 53.84991
-0.2851061, 53.88487
-0.2911254, 53.91435
-0.296581, 53.94328
-0.3029717, 53.97784
-0.3082953, 54.00994
-0.312965, 54.04316
-0.316172, 54.08174
-0.3163768, 54.11639
-0.3138956, 54.15201
-0.3080861, 54.19311
-0.3006901, 54.23485
-0.2937965, 54.27733
-0.289048, 54.31881
-0.2875831, 54.35505
-0.2878482, 54.39109
-0.2897143, 54.43159
-0.2919691, 54.46724
-0.2941596, 54.50374
-0.2966762, 54.54655
-0.2996783, 54.58423
-0.3042476, 54.62189
-0.3111037, 54.6648
-0.3178186, 54.70298
-0.3244158, 54.74063
-0.3322583, 54.78371
-0.3392177, 54.82754
-0.3439407, 54.87099
-0.3460594, 54.91436
-0.3471591, 54.95293
-0.347698, 54.99058
-0.3478975, 55.03307
-0.3478182, 55.06998
-0.3472709, 55.10707
-0.3453985, 55.15029
-0.341472, 55.18818
-0.3351093, 55.22657
-0.3262577, 55.27029
-0.3162487, 55.31446
-0.3080489, 55.35854
-0.3025407, 55.40128
-0.2998133, 55.43912
-0.2986767, 55.47749
-0.2984953, 55.5209
-0.2984736, 55.558
-0.2983731, 55.59482
-0.2977419, 55.63783
-0.2980001, 55.67621
-0.2997276, 55.7151
-0.3037064, 55.75906
-0.3093052, 55.80246
-0.3158401, 55.84449
-0.3227011, 55.8872
-0.3275053, 55.92615
-0.3304261, 55.96461
-0.3315179, 56.00872
-0.3314898, 56.04713
-0.3312396, 56.08449
-0.3307995, 56.12634
-0.3304398, 56.1635
-0.3291204, 56.20148
-0.3265379, 56.245
-0.3218075, 56.28832
-0.313746, 56.33152
-0.3047168, 56.37459
-0.295788, 56.41265
-0.2873073, 56.45156
-0.2794958, 56.49629
-0.2746109, 56.53505
-0.2712597, 56.57269
-0.2685881, 56.61349
-0.2662365, 56.6476
-0.2636561, 56.68048
-0.2603845, 56.71829
-0.2571197, 56.75652
-0.2549362, 56.79422
-0.2544691, 56.83177
-0.255451, 56.8643
-0.2584286, 56.89631
-0.2628732, 56.93378
-0.2667426, 56.9674
-0.269916, 57.00142
-0.271984, 57.04008
-0.2717856, 57.07358
-0.2705235, 57.10716
-0.2681501, 57.1443
-0.265102, 57.18016
-0.262342, 57.2149
-0.2589435, 57.24977
-0.2552007, 57.28016
-0.2504185, 57.31044
-0.2431544, 57.34422
-0.2353328, 57.37318
-0.2264211, 57.40163
-0.2152977, 57.43424
-0.2054568, 57.46355
-0.1962904, 57.49242
-0.1874128, 57.52437
-0.1808495, 57.55581
-0.1757859, 57.58666
-0.1720841, 57.61637
-0.1696877, 57.64073
-0.1674508, 57.66354
-0.1645809, 57.68963
-0.1620848, 57.7124
-0.1599547, 57.73491
-0.1580234, 57.76051
-0.1567896, 57.78263
-0.1561677, 57.80492
-0.1566592, 57.83088
-0.1580193, 57.85605
-0.1603744, 57.88118
-0.1634279, 57.90715
-0.1662949, 57.93056
-0.1692832, 57.95429
-0.1723309, 57.98166
-0.1744317, 58.00621
-0.1753136, 58.03107
-0.1751587, 58.05901
-0.1740446, 58.08301
-0.1724006, 58.10607
-0.169966, 58.1316
-0.1667887, 58.15647
-0.1626453, 58.17977
-0.1575145, 58.20039
-0.1525051, 58.21732
-0.1469617, 58.23483
-0.1409865, 58.25464
-0.1374618, 58.27188
-0.135871, 58.29029
-0.1355534, 58.31069
-0.1360559, 58.32803
-0.1429925, 58.34887
-0.149929, 58.36971
-0.1568656, 58.39055
-0.1638021, 58.41139
-0.1707387, 58.43223
-0.1776752, 58.45307
-0.1846118, 58.47391
-0.1915483, 58.49475
-0.1984849, 58.51559
-0.2054214, 58.53643
-0.212358, 58.55728
-0.2145644, 58.57245
-0.2180446, 58.58857
-0.2227063, 58.60548
-0.227582, 58.62122
-0.2324524, 58.63791
-0.2379443, 58.65822
-0.2429927, 58.67693
-0.2483828, 58.69651
-0.2548582, 58.71932
-0.2606524, 58.73883
-0.2658622, 58.75769
-0.2703876, 58.78029
-0.2732231, 58.80354
-0.2751496, 58.82721
-0.276536, 58.85182
-0.2772721, 58.87445
-0.2771048, 58.89839
-0.2754337, 58.9278
-0.2727765, 58.95458
-0.2685285, 58.98133
-0.2616654, 59.01159
-0.2540668, 59.03874
-0.2449894, 59.06622
-0.2336384, 59.09864
-0.2224874, 59.13287
-0.2124445, 59.16723
-0.2051274, 59.20266
-0.2004003, 59.23393
-0.1963667, 59.26487
-0.1922422, 59.2999
-0.188754, 59.33128
-0.1854521, 59.36308
-0.1824168, 59.39985
-0.1810713, 59.43256
-0.1816277, 59.46523
-0.184424, 59.50298
-0.1886618, 59.54061
-0.1936751, 59.57803
-0.1972596, 59.61454
-0.1984674, 59.64665
-0.1983149, 59.67933
-0.1971088, 59.71542
-0.1958447, 59.74613
-0.1945218, 59.77667
-0.1925212, 59.81286
-0.1901384, 59.84475
-0.1868913, 59.87641
-0.1809185, 59.91064
-0.1733897, 59.94379
-0.1644383, 59.97694
-0.1543986, 60.00993
-0.1464919, 60.03922
-0.1403677, 60.06833
-0.1351792, 60.10237
-0.1319423, 60.13205
-0.1293127, 60.16016
-0.1267151, 60.19026
-0.1247608, 60.21577
-0.1230865, 60.24143
-0.1216626, 60.27137
-0.1216679, 60.30218
-0.1234707, 60.33476
-0.1268325, 60.36809
-0.1313887, 60.39746
-0.1373442, 60.4276
-0.1451821, 60.46242
-0.1520883, 60.49321
-0.1584872, 60.52494
-0.1643748, 60.56166
-0.1679416, 60.59369
-0.1702343, 60.62582
-0.171735, 60.66244
-0.1722234, 60.69857
-0.1727239, 60.73441
-0.1729779, 60.77069
-0.1728928, 60.80317
-0.1719296, 60.83658
-0.1689852, 60.87503
-0.1646223, 60.90922
-0.1591642, 60.9434
-0.1519928, 60.98252
-0.1461603, 61.01738
-0.1415673, 61.05214
-0.1378296, 61.09032
-0.1351347, 61.12752
-0.132998, 61.16465
-0.1314161, 61.20052
-0.1306899, 61.23207
-0.130334, 61.26455
-0.1302221, 61.3023
-0.1307354, 61.33519
-0.1325036, 61.368
-0.1364816, 61.40572
-0.1415854, 61.43901
-0.1481782, 61.47211
-0.1570384, 61.50937
-0.1663512, 61.5473
-0.1740448, 61.58611
-0.1797159, 61.62471
-0.1835615, 61.65806
-0.1862049, 61.69179
-0.1888918, 61.72918
-0.1915905, 61.76125
-0.1942766, 61.7935
-0.1964599, 61.83121
-0.1967002, 61.86404
-0.1949238, 61.89585
-0.1912892, 61.93204
-0.1863406, 61.96856
-0.1805207, 62.00603
-0.1746853, 62.0444
-0.1704209, 62.07783
-0.1679421, 62.11056
-0.1659526, 62.14645
-0.1651787, 62.17742
-0.1649237, 62.208
-0.1654268, 62.2416
-0.1660648, 62.27083
-0.1667322, 62.30047
-0.1679961, 62.33483
-0.1702244, 62.36909
-0.1741907, 62.40271
-0.1796029, 62.43565
-0.1855572, 62.46382
-0.1925655, 62.49179
-0.1999553, 62.5245
-0.2050795, 62.55224
-0.2090685, 62.57875
-0.2123452, 62.60861
-0.213906, 62.63539
-0.2146366, 62.66145
-0.2154759, 62.68961
-0.2165982, 62.71721
-0.2171503, 62.74477
-0.2165823, 62.77227
-0.2150595, 62.79602
-0.2124134, 62.81961
-0.207838, 62.8463
-0.2024044, 62.86928
-0.1959169, 62.89218
-0.1877929, 62.91943
-0.1804303, 62.94423
-0.1731176, 62.96955
-0.1656401, 62.99767
-0.1587768, 63.02405
-0.1518457, 63.0495
-0.145941, 63.07404
-0.1417852, 63.09449
-0.1384628, 63.1133
-0.1355058, 63.13338
-0.1331628, 63.1506
-0.1310999, 63.16829
-0.128815, 63.18848
-0.1271742, 63.20644
-0.1261832, 63.22449
-0.1255526, 63.24479
-0.1254563, 63.26503
-0.1260844, 63.28568
-0.1278654, 63.30691
-0.1302901, 63.32646
-0.1333217, 63.34755
-0.1380576, 63.36841
-0.1427934, 63.38927
-0.1475293, 63.41014
-0.1522651, 63.431
-0.157001, 63.45186
-0.1617368, 63.47272
-0.1664727, 63.49359
-0.1712086, 63.51445
-0.1759444, 63.53531
-0.1806803, 63.55618
-0.1854161, 63.57704
-0.190152, 63.5979
-0.1948878, 63.61876
-0.1996236, 63.63961
-0.2021254, 63.6482
-0.205136, 63.65628
-0.2090914, 63.66571
-0.213546, 63.67476
-0.2182707, 63.68446
-0.2248471, 63.69556
-0.2329499, 63.70817
-0.2447795, 63.7253
-0.2551847, 63.73926
-0.2649382, 63.75228
-0.2732999, 63.76453
-0.2849399, 63.78278
-0.293816, 63.79715
-0.3001509, 63.81063
-0.3070391, 63.83049
-0.3116194, 63.84947
-0.3151384, 63.87004
-0.3182682, 63.89537
-0.3206655, 63.92401
-0.321471, 63.94807
-0.3215104, 63.97527
-0.3201866, 64.00201
-0.317293, 64.0294
-0.3115059, 64.06379
-0.3037238, 64.09664
-0.2939236, 64.12816
-0.283731, 64.1578
-0.272738, 64.1899
-0.2624465, 64.22346
-0.2539257, 64.25882
-0.2468189, 64.30071
-0.2425284, 64.33627
-0.2391996, 64.37216
-0.2365592, 64.40498
-0.2341362, 64.43419
-0.2315768, 64.47343
-0.2302036, 64.50599
-0.2298511, 64.54235
-0.2304536, 64.5835
-0.2320647, 64.61486
-0.2353847, 64.65274
-0.2393019, 64.69955
-0.2410988, 64.74584
-0.2395612, 64.7886
-0.2359281, 64.8306
-0.2312644, 64.86755
-0.226252, 64.90514
-0.2207503, 64.94881
-0.2160385, 64.98809
-0.2112083, 65.02502
-0.2036854, 65.0708
-0.196578, 65.10537
-0.1861859, 65.14558
-0.1725489, 65.19156
-0.1574549, 65.23833
-0.1453022, 65.28265
-0.1369515, 65.32231
-0.1323306, 65.35368
-0.1285092, 65.38596
-0.1242293, 65.437
-0.1222426, 65.47334
-0.1208331, 65.51093
-0.1201618, 65.55511
-0.1209653, 65.59095
-0.1245361, 65.63364
-0.1304174, 65.6787
-0.1368647, 65.71773
-0.1433855, 65.75854
-0.1506811, 65.80676
-0.1559277, 65.84646
-0.1592574, 65.88006
-0.1620666, 65.92524
-0.1639495, 65.96223
-0.1661452, 65.99849
-0.1691291, 66.0405
-0.1715144, 66.07117
-0.1749115, 66.11754
-0.1768352, 66.16275
-0.1754604, 66.20811
-0.1710015, 66.25363
-0.1642998, 66.29965
-0.1577179, 66.34026
-0.1523515, 66.38073
-0.1481963, 66.4257
-0.1465334, 66.4641
-0.1465404, 66.50125
-0.1469411, 66.54175
-0.1471383, 66.57325
-0.1474513, 66.60948
-0.1476743, 66.65338
-0.1485969, 66.69522
-0.1514815, 66.73705
-0.1562418, 66.77914
-0.1621101, 66.81668
-0.1688562, 66.85401
-0.176602, 66.89651
-0.1816166, 66.93416
-0.1844332, 66.96803
-0.1860561, 67.01157
-0.1868886, 67.04654
-0.1873851, 67.08001
-0.1876927, 67.1172
-0.1879342, 67.15387
-0.1874115, 67.19059
-0.1850626, 67.2271
-0.1810534, 67.25889
-0.1751755, 67.29074
-0.1673379, 67.32636
-0.1599935, 67.35737
-0.1539874, 67.38667
-0.1474884, 67.42554
-0.1442591, 67.45676
-0.1433242, 67.48698
-0.1432275, 67.52177
-0.1440679, 67.55629
-0.1447427, 67.58912
-0.1448636, 67.62148
-0.1452237, 67.64983
-0.1462371, 67.67772
-0.1485259, 67.70893
-0.1524173, 67.73547
-0.1582673, 67.76186
-0.1658848, 67.79247
-0.1727396, 67.81934
-0.1789415, 67.84602
-0.1847932, 67.87577
-0.1887251, 67.90494
-0.1914001, 67.93427
-0.1933266, 67.96333
-0.1944888, 67.98763
-0.1956298, 68.0106
-0.1969456, 68.03654
-0.1973257, 68.05923
-0.1979164, 68.08186
-0.198043, 68.1082
-0.1973782, 68.13116
-0.1959092, 68.15427
-0.1929685, 68.18057
-0.1882909, 68.20696
-0.1824725, 68.23378
-0.175986, 68.2615
-0.1705149, 68.28659
-0.1652696, 68.312
-0.1600417, 68.34084
-0.1561599, 68.36647
-0.1526374, 68.39259
-0.1495344, 68.42226
-0.1480953, 68.4426
-0.1466437, 68.47101
-0.1459204, 68.49625
-0.145133, 68.52056
-0.1444445, 68.54491
-0.1439997, 68.56927
-0.1439931, 68.58987
-0.1428903, 68.61149
-0.1417875, 68.63311
-0.1406847, 68.65473
-0.1395819, 68.67635
-0.1384791, 68.69798
-0.1373764, 68.7196
-0.1362736, 68.74122
-0.1351708, 68.76284
-0.134068, 68.78446
-0.1329652, 68.80608
-0.1318624, 68.82771
-0.1307596, 68.84933
-0.1296568, 68.87095
-0.128554, 68.89257
-0.1274513, 68.91423
-0.1252355, 68.92295
-0.1237414, 68.93307
-0.1229896, 68.94518
-0.1231068, 68.9586
-0.1240843, 68.97269
-0.1260149, 68.99011
-0.1285705, 69.00859
-0.1314949, 69.02845
-0.1350566, 69.05028
-0.1391093, 69.071
-0.1442258, 69.09335
-0.1513016, 69.1207
-0.1583707, 69.14543
-0.1662893, 69.17023
-0.1761983, 69.19847
-0.1851688, 69.22366
-0.1939483, 69.25055
-0.2031188, 69.28168
-0.2113419, 69.3131
-0.2180617, 69.34652
-0.2232629, 69.38231
-0.2266333, 69.41409
-0.2289511, 69.4452
-0.2305323, 69.48142
-0.2311277, 69.51407
-0.2307288, 69.54767
-0.228458, 69.58645
-0.2244162, 69.62084
-0.2189439, 69.65501
-0.2121451, 69.69379
-0.205172, 69.73336
-0.1993471, 69.77296
-0.1958149, 69.81241
-0.1935363, 69.84782
-0.1922445, 69.88261
-0.1914207, 69.92169
-0.1908532, 69.95595
-0.1903745, 69.99149
-0.1906383, 70.03447
-0.1922943, 70.07265
-0.195791, 70.11082
-0.2014629, 70.15485
-0.2082447, 70.19879
-0.2155519, 70.24367
-0.2218919, 70.28891
-0.225036, 70.32794
-0.2266317, 70.3672
-0.2278927, 70.41131
-0.2290699, 70.44884
-0.230851, 70.486
-0.2330578, 70.52918
-0.23457, 70.56781
-0.2349077, 70.60647
-0.2330615, 70.65101
-0.2286891, 70.69577
-0.2232891, 70.74014
-0.2181462, 70.78499
-0.2147218, 70.82462
-0.2131471, 70.86382
-0.2143246, 70.90902
-0.2171881, 70.94814
-0.2208601, 70.98647
-0.2255181, 71.02934
-0.2298345, 71.06668
-0.2345359, 71.105
-0.2408889, 71.14948
-0.2488372, 71.19356
-0.2585915, 71.23696
-0.2693248, 71.27928
-0.2787831, 71.31637
-0.2886191, 71.35378
-0.2973008, 71.39583
-0.3021908, 71.42908
-0.306464, 71.47098
-0.3094265, 71.51398
-0.3114533, 71.55071
-0.3132553, 71.58778
-0.3151477, 71.63062
-0.3158993, 71.674
-0.3143153, 71.71786
-0.3097012, 71.76156
-0.3042456, 71.79929
-0.298379, 71.83702
-0.2919773, 71.88068
-0.2882046, 71.91808
-0.2868948, 71.95486
-0.2870529, 71.99721
-0.2880915, 72.03387
-0.2895738, 72.06937
-0.2905504, 72.1106
-0.2910773, 72.15283
-0.2919237, 72.19524
-0.294151, 72.23801
-0.297234, 72.27526
-0.301441, 72.31145
-0.3069716, 72.35194
-0.3119442, 72.38757
-0.3162653, 72.42282
-0.3195897, 72.4627
-0.320852, 72.49811
-0.3208771, 72.53362
-0.3193663, 72.57341
-0.3173371, 72.61212
-0.3152977, 72.65047
-0.3131099, 72.68919
-0.3109008, 72.71986
-0.3069174, 72.75645
-0.3009191, 72.79365
-0.2946502, 72.82668
-0.2872961, 72.86131
-0.2787088, 72.90339
-0.2724493, 72.93999
-0.2684088, 72.97453
-0.265781, 73.01332
-0.2646168, 73.05129
-0.263915, 73.08629
-0.2640552, 73.11911
-0.2642565, 73.14806
-0.2651437, 73.17545
-0.2676595, 73.20413
-0.2712701, 73.22775
-0.2749398, 73.25152
-0.2790804, 73.27874
-0.2811527, 73.30237
-0.2806885, 73.32579
-0.2791517, 73.35358
-0.2775075, 73.37783
-0.2751372, 73.40132
-0.2716726, 73.42795
-0.2670475, 73.45446
-0.2603887, 73.48097
-0.2512101, 73.50661
-0.2417308, 73.52782
-0.2314714, 73.54893
-0.2199363, 73.57372
-0.2111574, 73.59478
-0.2043471, 73.61549
-0.1982941, 73.63969
-0.194112, 73.66105
-0.1905802, 73.68111
-0.1870838, 73.70331
-0.1833941, 73.72611
-0.1795751, 73.74837
-0.1762007, 73.76936
-0.1740436, 73.78773
-0.1727847, 73.80615
-0.1723207, 73.82726
-0.1728591, 73.84599
-0.1741352, 73.86499
-0.176213, 73.88742
-0.1783332, 73.90778
-0.1804835, 73.92874
-0.1833489, 73.95065
-0.1862143, 73.97255
-0.1890796, 73.99445
-0.191945, 74.01636
-0.1948104, 74.03826
-0.1976757, 74.06017
-0.2005411, 74.08207
-0.2034065, 74.10397
-0.2062719, 74.12588
-0.2091372, 74.14778
-0.2120026, 74.16969
-0.214868, 74.19159
-0.2177334, 74.21349
-0.2205987, 74.2354
-0.2234641, 74.2573
-0.2263294, 74.27917
-0.224509, 74.29381
-0.2235133, 74.30988
-0.2236432, 74.32473
-0.2245238, 74.34085
-0.2266848, 74.36156
-0.2299072, 74.38031
-0.2339336, 74.39977
-0.2392388, 74.4239
-0.2449439, 74.44582
-0.2516729, 74.46813
-0.2600226, 74.49464
-0.2685894, 74.52218
-0.2774704, 74.55103
-0.2866979, 74.58061
-0.2951739, 74.60688
-0.3034957, 74.63395
-0.3126615, 74.66591
-0.3201363, 74.69418
-0.3262601, 74.72305
-0.3316748, 74.75824
-0.3353721, 74.78926
-0.338384, 74.82001
-0.3407562, 74.85576
-0.3416867, 74.89259
-0.3412688, 74.93018
-0.338747, 74.96856
-0.3344901, 75.00335
-0.3287499, 75.03793
-0.3214092, 75.07703
-0.3154522, 75.11153
-0.3109161, 75.14564
-0.3079394, 75.1858
-0.3068042, 75.22199
-0.3066815, 75.25764
-0.3073554, 75.29716
-0.3082371, 75.33784
-0.3091006, 75.38065
-0.3106678, 75.42336
-0.3129942, 75.46104
-0.3173067, 75.49919
-0.3238, 75.54349
-0.3302548, 75.58231
-0.3372896, 75.62151
-0.3435704, 75.66613
-0.3468296, 75.70496
-0.3484519, 75.74419
-0.3489926, 75.78901
-0.3492271, 75.8325
-0.3494854, 75.87624
-0.3498756, 75.92069
-0.3493035, 75.95984
-0.3466193, 75.99907
-0.3403899, 76.04508
-0.3330432, 76.0856
-0.3246076, 76.12564
-0.3151703, 76.17247
-0.3084964, 76.21291
-0.304089, 76.25243
-0.3015296, 76.29623
-0.3003403, 76.33994
-0.3001449, 76.38316
-0.3000962, 76.4249
-0.2999097, 76.46184
-0.2999082, 76.49976
-0.3010672, 76.54356
-0.3041578, 76.58191
-0.3094391, 76.62167
-0.3169007, 76.66728
-0.3236049, 76.70671
-0.3297201, 76.74675
-0.3351907, 76.7923
-0.3378237, 76.83778
-0.3389629, 76.88245
-0.3394001, 76.92605
-0.3397676, 76.9631
-0.3400812, 77.00009
-0.34073, 77.04274
-0.3402891, 77.08009
-0.3377187, 77.11781
-0.3316628, 77.16042
-0.3248152, 77.19674
-0.3176382, 77.23422
-0.311017, 77.27866
-0.3062662, 77.32158
-0.304168, 77.36331
-0.3035272, 77.40685
-0.3030404, 77.44437
-0.3021418, 77.47991
-0.300625, 77.51986
-0.2988101, 77.55514
-0.2966672, 77.58955
-0.2953646, 77.62851
-0.2952397, 77.66305
-0.2963869, 77.69761
-0.2989134, 77.7368
-0.3021465, 77.77654
-0.3051534, 77.81694
-0.3063915, 77.85793
-0.3058797, 77.89422
-0.3041238, 77.9304
-0.3006977, 77.97121
-0.2973385, 78.00597
-0.2939652, 78.04024
-0.2897217, 78.07877
-0.2844676, 78.11237
-0.2776602, 78.14574
-0.2674116, 78.18347
-0.2547358, 78.22127
-0.2408275, 78.25894
-0.2262156, 78.29678
-0.2141657, 78.32925
-0.2036106, 78.36042
-0.1936388, 78.39534
-0.1861192, 78.42529
-0.1798273, 78.45369
-0.1733885, 78.484
-0.1679861, 78.50953
-0.1628149, 78.53435
-0.1570759, 78.56193
-0.1522245, 78.58926
-0.148381, 78.61673
-0.1461467, 78.6446
-0.1446659, 78.66964
-0.1440696, 78.69464
-0.1445212, 78.72372
-0.1456732, 78.75022
-0.1476415, 78.77818
-0.1504546, 78.81204
-0.153337, 78.84223
-0.156126, 78.87189
-0.1588526, 78.9056
-0.1599242, 78.93837
-0.1589651, 78.96939
-0.1566512, 78.99846
-0.1534385, 79.02123
-0.1497593, 79.04193
-0.1449222, 79.06419
-0.1405302, 79.08301
-0.1365065, 79.09868
-0.1328663, 79.11401
-0.130986, 79.12756
-0.1307125, 79.14243
-0.1314919, 79.16032
-0.132042, 79.17857
-0.1324487, 79.19527
-0.1329653, 79.21246
-0.1387035, 79.23439
-0.1444418, 79.25632
-0.15018, 79.27824
-0.1559183, 79.30017
-0.1616565, 79.3221
-0.1673948, 79.34402
-0.173133, 79.36595
-0.1788712, 79.38788
-0.1846095, 79.40981
-0.1903477, 79.43173
-0.196086, 79.45366
-0.2018242, 79.47559
-0.2075625, 79.49751
-0.2133007, 79.51944
-0.2190389, 79.54135
-0.2198478, 79.56001
-0.2207947, 79.57927
-0.2221028, 79.59848
-0.223836, 79.61772
-0.2256721, 79.63467
-0.2273878, 79.65148
-0.2287121, 79.6711
-0.2290105, 79.68809
-0.2283417, 79.70374
-0.2270294, 79.72173
-0.2257746, 79.73931
-0.2240091, 79.75769
-0.2213592, 79.77876
-0.2181494, 79.79969
-0.2135996, 79.82115
-0.207094, 79.84409
-0.1998191, 79.86492
-0.1912125, 79.88586
-0.1793954, 79.90997
-0.1680319, 79.93055
-0.155772, 79.9503
-0.1411553, 79.97343
-0.1292874, 79.99463
-0.118964, 80.01646
-0.1084562, 80.04205
-0.09930196, 80.06853
-0.0912021, 80.09482
-0.08336059, 80.12096
-0.07689157, 80.14429
-0.07142988, 80.16868
-0.066768, 80.19746
-0.0646153, 80.22312
-0.06468266, 80.24898
-0.06671685, 80.27907
-0.07070869, 80.30895
-0.07518633, 80.3385
-0.07986201, 80.3746
-0.08287121, 80.40704
-0.08497465, 80.43804
-0.0869344, 80.46631
-0.08894726, 80.49252
-0.09114184, 80.52139
-0.09344199, 80.55515
-0.09502686, 80.58573
-0.09572826, 80.61716
-0.0950339, 80.65817
-0.09379464, 80.68626
-0.09075262, 80.72214
-0.08572017, 80.76567
-0.08216377, 80.79856
-0.07902135, 80.83981
-0.07852263, 80.88048
-0.08048316, 80.91541
-0.08370939, 80.94987
-0.08771706, 80.98898
-0.09138834, 81.02333
-0.09515975, 81.05878
-0.0999762, 81.10023
-0.1052348, 81.13653
-0.1118506, 81.17239
-0.1210597, 81.21363
-0.1324079, 81.25794
-0.1441242, 81.29986
-0.1546839, 81.34013
-0.1627866, 81.37745
-0.1689066, 81.41728
-0.1730316, 81.45837
-0.1751866, 81.49678
-0.1762978, 81.53381
-0.1769929, 81.57794
-0.1771719, 81.61895
-0.1762233, 81.65981
-0.1732249, 81.70322
-0.1675167, 81.74706
-0.1607439, 81.78455
-0.1530422, 81.82142
-0.1458481, 81.85894
-0.1402119, 81.89638
-0.1366459, 81.93742
-0.1355631, 81.97295
-0.1350583, 82.01135
-0.1349304, 82.05439
-0.1343007, 82.09115
-0.1328419, 82.12945
-0.1314012, 82.16798
-0.1307109, 82.20979
-0.1315008, 82.24339
-0.1345506, 82.28462
-0.1391251, 82.32444
-0.1450264, 82.36513
-0.1508398, 82.41025
-0.1534344, 82.44403
-0.1542961, 82.4791
-0.1536579, 82.52058
-0.1520875, 82.55786
-0.1504327, 82.59062
-0.148256, 82.63454
-0.146399, 82.67387
-0.1435482, 82.71333
-0.1391803, 82.75275
-0.1335828, 82.78676
-0.1268987, 82.82032
-0.1190822, 82.85978
-0.1125772, 82.89541
-0.1076379, 82.93049
-0.1047107, 82.96887
-0.1033603, 83.0023
-0.1033064, 83.03553
-0.1041014, 83.07232
-0.10519, 83.10718
-0.1065363, 83.14251
-0.1084505, 83.17757
-0.1106363, 83.20505
-0.1142043, 83.23449
-0.1196407, 83.26791
-0.124568, 83.29471
-0.1297584, 83.32219
-0.135427, 83.35268
-0.1390244, 83.3783
-0.1413735, 83.40462
-0.1429461, 83.43381
-0.1436751, 83.46564
-0.1433425, 83.49411
-0.1418812, 83.52286
-0.139741, 83.54842
-0.1363653, 83.5738
-0.1304779, 83.60173
-0.1237287, 83.62472
-0.1164027, 83.64709
-0.1086788, 83.66996
-0.1005043, 83.69582
-0.09491711, 83.71783
-0.09016217, 83.74252
-0.0862979, 83.76683
-0.08325739, 83.79118
-0.08064622, 83.81401
-0.07840544, 83.83251
-0.07647215, 83.85051
-0.07446125, 83.87098
-0.07305328, 83.88682
-0.07203349, 83.90583
-0.07217716, 83.92543
-0.07322241, 83.94271
-0.07515097, 83.96042
-0.07840605, 83.98158
-0.0823284, 84.00499
-0.0865711, 84.03016
-0.09101167, 84.05638
-0.09514884, 84.08074
-0.09948725, 84.10534
-0.1045653, 84.13284
-0.1089617, 84.15693
-0.113344, 84.1813
-0.1180049, 84.20926
-0.1219677, 84.23365
-0.1254797, 84.25751
-0.1290538, 84.2838
-0.1392439, 84.30249
-0.1494341, 84.32118
-0.1596242, 84.33987
-0.1698144, 84.35857
-0.1800045, 84.37726
-0.1901947, 84.39595
-0.2003848, 84.41464
-0.210575, 84.43333
-0.2207651, 84.45203
-0.2309552, 84.47072
-0.2411454, 84.48941
-0.2388763, 84.50468
-0.2370731, 84.52109
-0.2361808, 84.53293
-0.2358751, 84.55072
-0.2360248, 84.56874
-0.2363286, 84.58522
-0.2373153, 84.60278
-0.2388451, 84.62487
-0.2406218, 84.64617
-0.2431276, 84.66931
-0.2473902, 84.69769
-0.2532098, 84.72836
-0.260483, 84.75998
-0.2693475, 84.79283
-0.2778684, 84.82229
-0.2861842, 84.85393
-0.2949104, 84.8902
-0.3015073, 84.92184
-0.3066055, 84.95402
-0.3104067, 84.98911
-0.3125066, 85.0248
-0.312868, 85.05828
-0.3122831, 85.09662
-0.3110867, 85.13527
-0.3093522, 85.17426
-0.3067776, 85.21308
-0.3034193, 85.24713
-0.2984692, 85.28203
-0.2915531, 85.32166
-0.285015, 85.35567
-0.2789866, 85.39062
-0.2737088, 85.43077
-0.2709304, 85.46637
-0.2698628, 85.50276
-0.2705244, 85.54384
-0.2723054, 85.58385
-0.2748239, 85.62444
-0.2781028, 85.66682
-0.2819172, 85.70426
-0.2869022, 85.74136
-0.2945119, 85.78386
-0.3022684, 85.82099
-0.3104915, 85.85793
-0.3201539, 85.90027
-0.3274588, 85.9371
-0.3322533, 85.97392
-0.3354489, 86.01642
-0.3376975, 86.05764
-0.3398365, 86.09702
-0.3420281, 86.13607
-0.3438144, 86.17197
-0.3449377, 86.2094
-0.3442706, 86.25226
-0.3410132, 86.28928
-0.3361181, 86.32616
-0.3295856, 86.36858
-0.3236667, 86.40649
-0.3194422, 86.44418
-0.316516, 86.48701
-0.3157797, 86.52965
-0.3167882, 86.57141
-0.3186309, 86.61104
-0.3203135, 86.6444
-0.3217356, 86.67818
-0.3233345, 86.71796
-0.3252704, 86.75332
-0.3281828, 86.78898
-0.3332797, 86.83025
-0.3393939, 86.86724
-0.3460478, 86.90383
-0.3536275, 86.94628
-0.3603255, 86.98872
-0.3651103, 87.03073
-0.3675735, 87.07409
-0.3681611, 87.11115
-0.3680454, 87.14647
-0.3672336, 87.18593
-0.3658328, 87.22102
-0.3633007, 87.25636
-0.359023, 87.29635
-0.3537355, 87.32777
-0.3447842, 87.36627
-0.3348633, 87.40697
-0.3247114, 87.44842
-0.3158411, 87.48869
-0.308721, 87.52808
-0.3042783, 87.563
-0.3012496, 87.59682
-0.2988391, 87.63342
-0.2966995, 87.66471
-0.2939562, 87.69673
-0.2906363, 87.73446
-0.2880882, 87.76714
-0.2866918, 87.80016
-0.2871635, 87.83858
-0.2900065, 87.87761
-0.2940545, 87.91705
-0.2980641, 87.95684
-0.3002516, 87.9922
-0.3004338, 88.02705
-0.2991881, 88.06606
-0.2972957, 88.1004
-0.2940011, 88.13506
-0.2895128, 88.17403
-0.2857577, 88.2075
-0.2817543, 88.2409
-0.2768334, 88.27905
-0.2711715, 88.31733
-0.2625907, 88.35522
-0.2524074, 88.39156
-0.2429571, 88.42287
-0.2340315, 88.45454
-0.2253402, 88.48938
-0.2202064, 88.51769
-0.216972, 88.54553
-0.214675, 88.57776
-0.2140968, 88.60522
-0.2138238, 88.63077
-0.2133904, 88.65891
-0.2128263, 88.68784
-0.2123418, 88.71642
-0.2123451, 88.74448
-0.2130212, 88.76934
-0.2145797, 88.79495
-0.2173006, 88.82492
-0.2201067, 88.85183
-0.2234392, 88.88011
-0.2274989, 88.91409
-0.2310815, 88.94497
-0.2343722, 88.9769
-0.2378743, 89.01218
-0.2411314, 89.04612
-0.2439424, 89.08022
-0.2462462, 89.11317
-0.2478057, 89.14022
-0.2490997, 89.16545
-0.2503377, 89.19221
-0.2510563, 89.21353
-0.2513025, 89.23258
-0.2507968, 89.25298
-0.2495981, 89.26955
-0.2538541, 89.29122
-0.25811, 89.3129
-0.262366, 89.33457
-0.266622, 89.35625
-0.270878, 89.37792
-0.2751339, 89.39961
-0.2760986, 89.41282
-0.2780628, 89.42653
-0.2801808, 89.44097
-0.2816128, 89.45679
-0.2828909, 89.47221
-0.2847292, 89.48801
-0.287242, 89.50686
-0.2895052, 89.52486
-0.2915931, 89.54387
-0.2941168, 89.56603
-0.2968758, 89.58594
-0.2998829, 89.60648
-0.3037798, 89.63107
-0.3081785, 89.6571
-0.3119616, 89.68419
-0.3140188, 89.71228
-0.3143518, 89.73797
-0.3130626, 89.76368
-0.3104897, 89.79244
-0.3077258, 89.81689
-0.3043777, 89.8421
-0.299412, 89.87367
-0.2943297, 89.90305
-0.2881566, 89.93297
-0.2794577, 89.96729
-0.269126, 90.00209
-0.2574962, 90.03706
-0.2453139, 90.07302
-0.2354362, 90.10525
-0.2272297, 90.13775
-0.2193132, 90.17593
-0.2138643, 90.20996
-0.2097003, 90.24336
-0.2055785, 90.28032
-0.2018901, 90.31335
-0.1981476, 90.34765
-0.1947806, 90.38798
-0.1933128, 90.42972
-0.1945951, 90.47324
-0.1976784, 90.51741
-0.2011015, 90.55662
-0.2043585, 90.59612
-0.2057946, 90.63911
-0.2051878, 90.67664
-0.2036262, 90.71426
-0.2014446, 90.75652
-0.1998938, 90.79292
-0.1988957, 90.83026
-0.1972734, 90.87437
-0.1948342, 90.91293
-0.1906386, 90.9516
-0.1832353, 90.99607
-0.1746184, 91.04095
-0.1655874, 91.08543
-0.1582882, 91.13026
-0.1543768, 91.1688
-0.1531109, 91.20776
-0.1541741, 91.25316
-0.1565144, 91.29218
-0.1590012, 91.33079
-0.1614162, 91.37592
-0.1634976, 91.41647
-0.1667972, 91.45731
-0.1723058, 91.50423
-0.1799124, 91.55193
-0.189639, 91.60084
-0.1999342, 91.65002
-0.2084694, 91.69299
-0.2142515, 91.73467
-0.2175288, 91.78317
-0.2190653, 91.82581
-0.220041, 91.86683
-0.221365, 91.91282
-0.2226215, 91.95294
-0.2233048, 91.99372
-0.2226162, 92.04102
-0.2186217, 92.08821
-0.2113756, 92.13564
-0.20347, 92.18233
-0.1964583, 92.22274
-0.1911314, 92.26259
-0.1879655, 92.30659
-0.1865931, 92.3454
-0.1858336, 92.38461
-0.1855741, 92.42892
-0.1851687, 92.46707
-0.1838128, 92.50642
-0.1813969, 92.55305
-0.1800175, 92.59935
-0.1812898, 92.6456
-0.1856088, 92.69254
-0.1912622, 92.73415
-0.1974958, 92.77498
-0.2034983, 92.82176
-0.2071275, 92.86172
-0.2090717, 92.90053
-0.2096619, 92.94375
-0.2096603, 92.98057
-0.2095477, 93.01686
-0.2090841, 93.05869
-0.2083189, 93.10037
-0.2065055, 93.14147
-0.2027836, 93.18288
-0.1973183, 93.21867
-0.1900477, 93.25447
-0.1810019, 93.2961
-0.1729334, 93.33398
-0.1659682, 93.37086
-0.1597918, 93.41096
-0.1564447, 93.44505
-0.1547264, 93.4781
-0.1536935, 93.51278
-0.1527222, 93.54417
-0.151777, 93.57514
-0.1503533, 93.60643
-0.1492713, 93.63314
-0.1492693, 93.65965
-0.1500209, 93.68982
-0.1515699, 93.71591
-0.1539794, 93.7427
-0.1576683, 93.77437
-0.1613966, 93.8028
-0.1656738, 93.83264
-0.1710466, 93.86867
-0.1766758, 93.906
-0.1821735, 93.94438
-0.1874439, 93.98274
-0.1915758, 94.01586
-0.1949229, 94.04744
-0.1974652, 94.08026
-0.1984932, 94.10598
-0.1988751, 94.12968
-0.1983771, 94.15434
-0.2087242, 94.17432
-0.2190713, 94.19431
-0.2294184, 94.21429
-0.2397654, 94.23427
-0.2501125, 94.25425
-0.2604596, 94.27423
-0.2708067, 94.29421
-0.2811538, 94.31419
-0.2915009, 94.33418
-0.301848, 94.35416
-0.3121951, 94.37414
-0.3225422, 94.39412
-0.3328892, 94.41409
-0.3408933, 94.43117
-0.3500097, 94.45197
-0.3575888, 94.46987
-0.3641515, 94.48759
-0.3702076, 94.50906
-0.3744116, 94.52843
-0.3778055, 94.54865
-0.3811665, 94.57298
-0.3841476, 94.59849
-0.3859556, 94.625
-0.3861099, 94.65323
-0.3853915, 94.67886
-0.3832516, 94.70538
-0.3784906, 94.73629
-0.3727664, 94.76351
-0.365569, 94.79041
-0.3562843, 94.82146
-0.348167, 94.84971
-0.3406149, 94.87972
-0.3337717, 94.91595
-0.3286752, 94.95333
-0.3249865, 94.99152
-0.3223107, 95.0303
-0.3205447, 95.06436
-0.3188633, 95.09964
-0.3178366, 95.14073
-0.3180334, 95.17704
-0.3194326, 95.21368
-0.3225658, 95.25697
-0.3262582, 95.29514
-0.3306407, 95.33246
-0.3356633, 95.37516
-0.3385405, 95.41782
-0.3386483, 95.46094
-0.3381295, 95.5032
-0.3377141, 95.53941
-0.3374165, 95.57526
-0.3372224, 95.61708
-0.3365763, 95.65485
-0.3350737, 95.69312
-0.3315141, 95.73662
-0.3262872, 95.77522
-0.3202796, 95.814
-0.3128977, 95.858
-0.305734, 95.90391
-0.3002868, 95.95004
-0.2969269, 95.9971
-0.2959301, 96.03799
-0.2966387, 96.07717
-0.2975127, 96.12077
-0.2983797, 96.15888
-0.299587, 96.19743
-0.3012169, 96.2424
-0.3036303, 96.28183
-0.3071947, 96.32016
-0.3134024, 96.36383
-0.3210348, 96.40656
-0.3289671, 96.44974
-0.3363591, 96.49425
-0.3407929, 96.5321
-0.3428658, 96.57007
-0.3437827, 96.61409
-0.3439614, 96.6514
-0.3437979, 96.68765
-0.3434144, 96.74028
-0.342702, 96.77747
-0.3409714, 96.81536
-0.3371687, 96.85905
-0.330156, 96.90353
-0.3226961, 96.94225
-0.3128487, 96.98854
-0.3052475, 97.02914
-0.3002661, 97.06122
-0.2966916, 97.09771
-0.2944299, 97.13459
-0.2931069, 97.17042
-0.2912807, 97.21057
-0.2895802, 97.24505
-0.2876251, 97.28064
-0.2854878, 97.32224
-0.2844479, 97.36362
-0.2856892, 97.40544
-0.2888069, 97.44892
-0.2930577, 97.4883
-0.2982718, 97.52779
-0.303387, 97.57162
-0.3066356, 97.60858
-0.3080472, 97.64481
-0.3077256, 97.68625
-0.3062889, 97.72187
-0.3044558, 97.75671
-0.3019994, 97.79575
-0.299686, 97.83463
-0.296557, 97.87296
-0.2917766, 97.91066
-0.2861921, 97.94279
-0.2804907, 97.9743
-0.2731621, 98.01054
-0.2667486, 98.04263
-0.2610456, 98.07399
-0.2555665, 98.10925
-0.2520001, 98.13987
-0.2495286, 98.17153
-0.2478069, 98.20699
-0.2466359, 98.24117
-0.2461, 98.27491
-0.2464481, 98.30924
-0.2475382, 98.33958
-0.2499419, 98.36895
-0.2542297, 98.40071
-0.2584202, 98.42783
-0.2627135, 98.4557
-0.2667522, 98.487
-0.2689257, 98.51315
-0.2701201, 98.54008
-0.2706334, 98.57227
-0.2703403, 98.60257
-0.2695794, 98.63063
-0.26812, 98.65863
-0.2658798, 98.68356
-0.2627384, 98.70773
-0.2575414, 98.73463
-0.2514834, 98.758
-0.2434787, 98.78456
-0.2342792, 98.81358
-0.2275048, 98.83517
-0.2215421, 98.856
-0.2160647, 98.88094
-0.211614, 98.90714
-0.2083002, 98.93279
-0.2054864, 98.95678
-0.2031262, 98.97646
-0.2007005, 98.99627
-0.1975966, 99.01911
-0.1956776, 99.03684
-0.1940642, 99.05571
-0.192951, 99.0798
-0.1932857, 99.10016
-0.1940852, 99.11781
-0.1958279, 99.13852
-0.1980293, 99.16029
-0.2002822, 99.18239
-0.2041226, 99.20341
-0.207963, 99.22444
-0.2118034, 99.24547
-0.2156437, 99.26649
-0.2194841, 99.28752
-0.2233245, 99.30855
-0.2271649, 99.32957
-0.2310053, 99.3506
-0.2348457, 99.37163
-0.2386861, 99.39265
-0.2425265, 99.41368
-0.2463668, 99.43471
-0.2502072, 99.45573
-0.2540476, 99.47676
-0.2578879, 99.49778
-0.2563789, 99.505
-0.2553398, 99.51644
-0.2555003, 99.5282
-0.2560816, 99.53891
-0.2573141, 99.55235
-0.258263, 99.56238
-0.2591467, 99.57508
-0.2597244, 99.58847
-0.2600524, 99.60122
-0.2604659, 99.61514
-0.2613638, 99.63168
-0.2624283, 99.64722
-0.2638268, 99.66329
-0.2654625, 99.68152
-0.2657394, 99.69925
-0.2639057, 99.7177
-0.2605745, 99.73611
-0.257019, 99.75195
-0.252754, 99.76864
-0.2468292, 99.78804
-0.2404289, 99.80505
-0.2331321, 99.82111
-0.222054, 99.84251
-0.2121183, 99.86026
-0.2012408, 99.87854
-0.1883875, 99.89868
-0.1755713, 99.91805
-0.1633685, 99.93846
-0.1524139, 99.96016
-0.1436761, 99.98004
-0.1360378, 100.0012
-0.1287942, 100.027
