-7.989494, -7.98954
-7.952993, -7.954928
-7.926791, -7.93045
-7.909329, -7.915622
-7.900956, -7.906703
-7.897692, -7.900692
-7.895788, -7.889739
-7.894629, -7.870331
-7.898757, -7.846619
-7.908336, -7.823317
-7.916705, -7.807555
-7.924297, -7.796477
-7.933392, -7.787135
-7.938774, -7.781493
-7.944232, -7.775267
-7.953526, -7.765378
-7.961318, -7.762373
-7.964789, -7.766969
-7.96834, -7.773466
-7.969595, -7.780117
-7.972004, -7.7804
-7.97245, -7.779751
-7.972197, -7.782195
-7.971437, -7.787541
-7.97064, -7.793288
-7.971605, -7.800097
-7.974468, -7.810534
-7.980561, -7.822215
-7.989259, -7.832888
-7.998541, -7.846346
-8.007151, -7.861333
-8.012537, -7.876947
-8.011949, -7.889309
-8.00479, -7.898698
-7.998123, -7.90594
-7.99875, -7.911849
-8.003803, -7.915104
-8.011912, -7.917388
-8.02268, -7.920068
-8.034019, -7.922508
-8.049419, -7.923428
-8.071393, -7.921375
-8.097554, -7.917099
-8.127739, -7.9128
-8.158051, -7.908521
-8.189288, -7.900247
-8.216656, -7.891549
-8.239434, -7.884302
-8.256007, -7.884377
-8.267749, -7.890268
-8.277652, -7.897095
-8.285041, -7.90267
-8.288534, -7.904308
-8.289066, -7.900099
-8.285905, -7.89031
-8.279475, -7.87557
-8.269582, -7.859498
-8.254533, -7.842525
-8.235503, -7.825914
-8.211617, -7.80999
-8.187494, -7.799328
-8.168752, -7.794833
-8.154277, -7.794058
-8.147456, -7.796247
-8.159935, -7.80357
-8.189857, -7.822328
-8.221693, -7.856846
-8.239673, -7.897853
-8.242036, -7.937143
-8.230788, -7.974312
-8.211465, -7.999845
-8.191585, -8.014292
-8.174162, -8.021563
-8.163625, -8.02492
-8.152472, -8.029959
-8.138359, -8.034716
-8.122823, -8.037473
-8.10441, -8.041765
-8.082558, -8.048082
-8.058424, -8.057222
-8.036136, -8.066233
-8.017746, -8.077368
-8.003992, -8.095301
-7.995446, -8.12264
-7.993022, -8.158337
-7.996522, -8.204844
-8.009987, -8.262777
-8.025755, -8.320864
-8.036158, -8.37959
-8.036799, -8.429571
-8.028852, -8.473218
-8.013319, -8.515629
-7.988607, -8.554579
-7.950568, -8.589462
-7.899062, -8.62285
-7.842628, -8.655264
-7.797442, -8.685613
-7.76209, -8.718344
-7.730245, -8.757616
-7.700944, -8.80337
-7.677213, -8.855516
-7.65795, -8.911402
-7.637808, -8.969846
-7.617606, -9.02402
-7.593526, -9.067609
-7.563382, -9.10437
-7.525664, -9.130633
-7.481157, -9.149187
-7.435861, -9.162767
-7.390832, -9.177961
-7.351956, -9.198713
-7.31873, -9.225111
-7.290787, -9.25681
-7.266689, -9.290949
-7.245642, -9.318941
-7.226521, -9.334963
-7.21187, -9.335025
-7.205501, -9.32226
-7.207138, -9.305147
-7.210721, -9.289946
-7.215361, -9.276869
-7.222156, -9.261294
-7.231052, -9.241365
-7.243052, -9.218822
-7.256969, -9.195166
-7.271068, -9.171286
-7.284063, -9.147517
-7.294198, -9.128444
-7.297829, -9.116903
-7.294924, -9.113304
-7.284651, -9.116683
-7.269196, -9.121386
-7.255002, -9.125986
-7.245422, -9.131171
-7.239717, -9.136187
-7.23799, -9.139943
-7.240017, -9.142603
-7.244902, -9.145561
-7.253168, -9.147711
-7.266818, -9.149495
-7.288095, -9.153837
-7.315376, -9.160164
-7.347987, -9.166888
-7.382813, -9.173749
-7.416752, -9.180598
-7.449626, -9.187426
-7.482019, -9.19227
-7.512392, -9.190475
-7.54201, -9.179922
-7.572124, -9.159828
-7.601264, -9.12993
-7.627821, -9.093422
-7.653634, -9.054358
-7.677214, -9.016045
-7.699763, -8.986034
-7.726014, -8.963629
-7.75526, -8.949185
-7.790215, -8.944404
-7.829969, -8.949953
-7.875155, -8.963793
-7.933284, -8.981428
-7.997421, -9.002172
-8.054845, -9.02015
-8.107541, -9.035475
-8.160943, -9.043524
-8.218445, -9.04481
-8.282102, -9.0357
-8.348379, -9.017889
-8.418159, -8.993647
-8.48806, -8.969633
-8.550545, -8.95256
-8.608828, -8.946867
-8.662987, -8.951234
-8.716026, -8.96806
-8.765222, -8.994637
-8.816408, -9.028279
-8.871371, -9.062617
-8.925413, -9.089444
-8.979465, -9.107313
-9.028337, -9.11832
-9.075946, -9.127973
-9.126257, -9.129986
-9.179655, -9.121993
-9.235306, -9.106055
-9.294363, -9.089229
-9.353399, -9.072742
-9.404417, -9.056666
-9.447875, -9.04401
-9.487277, -9.031797
-9.525285, -9.019861
-9.567888, -9.00794
-9.611252, -9.000479
-9.657857, -8.994012
-9.701357, -8.986262
-9.732901, -8.976023
-9.756934, -8.9628
-9.769888, -8.950701
-9.769548, -8.938297
-9.750687, -8.928404
-9.718534, -8.924505
-9.675638, -8.924339
-9.622234, -8.926333
-9.567073, -8.931219
-9.513557, -8.936673
-9.465642, -8.938392
-9.420435, -8.933761
-9.373648, -8.921605
-9.328551, -8.902875
-9.284023, -8.876724
-9.241065, -8.842947
-9.19711, -8.807842
-9.152369, -8.782142
-9.105066, -8.76992
-9.053262, -8.766528
-9.000778, -8.770426
-8.942575, -8.781382
-8.883395, -8.799549
-8.823492, -8.82255
-8.770673, -8.842741
-8.727119, -8.855906
-8.685203, -8.865736
-8.642055, -8.871964
-8.597422, -8.870648
-8.552401, -8.861029
-8.50608, -8.842779
-8.461441, -8.819931
-8.421283, -8.798205
-8.387429, -8.783708
-8.35833, -8.776645
-8.334863, -8.775122
-8.310682, -8.778463
-8.282892, -8.786293
-8.252872, -8.798617
-8.219877, -8.815098
-8.186453, -8.83424
-8.15414, -8.857715
-8.125394, -8.88199
-8.098445, -8.903833
-8.07515, -8.916651
-8.05678, -8.924518
-8.043549, -8.931328
-8.031914, -8.937124
-8.0219, -8.941991
-8.01325, -8.946492
-8.005767, -8.949629
-7.998646, -8.95368
-7.998578, -8.960222
-8.000967, -8.967158
-8.004248, -8.972716
-8.006805, -8.975846
-8.008941, -8.975508
-8.010431, -8.973001
-8.010759, -8.969587
-8.009682, -8.966203
-8.008111, -8.963954
-8.006442, -8.962687
-8.005101, -8.961849
-8.005152, -8.961317
-8.006119, -8.961452
-8.007341, -8.961726
-8.00838, -8.962192
-8.00854, -8.962699
-8.007679, -8.96302
-8.007225, -8.963984
-8.007506, -8.965561
-8.007757, -8.967405
-8.007606, -8.969181
-8.007093, -8.97094
-8.00587, -8.972745
-8.00312, -8.974724
-7.99838, -8.977042
-7.990808, -8.978613
-7.974667, -8.974133
-7.951087, -8.960684
-7.927916, -8.942317
-7.902509, -8.920191
-7.874862, -8.897804
-7.844401, -8.873058
-7.810723, -8.844877
-7.774944, -8.813815
-7.739444, -8.783357
-7.707699, -8.762609
-7.674217, -8.751101
-7.637208, -8.746448
-7.595853, -8.746281
-7.554549, -8.75097
-7.512767, -8.759851
-7.471808, -8.767464
-7.427503, -8.770937
-7.379142, -8.770158
-7.32038, -8.760098
-7.257886, -8.74147
-7.182387, -8.712682
-7.108129, -8.678946
-7.031054, -8.642187
-6.956857, -8.608697
-6.88391, -8.580675
-6.809967, -8.55835
-6.731708, -8.541779
-6.648224, -8.530185
-6.556484, -8.522143
-6.468507, -8.512053
-6.384875, -8.4953
-6.307789, -8.472113
-6.231627, -8.442859
-6.148682, -8.404734
-6.061367, -8.362248
-5.973262, -8.321289
-5.894465, -8.290479
-5.816237, -8.269704
-5.742314, -8.260795
-5.670732, -8.260663
-5.598235, -8.269148
-5.52431, -8.281855
-5.44761, -8.297235
-5.377176, -8.311435
-5.320025, -8.321726
-5.276748, -8.328667
-5.240276, -8.331244
-5.206872, -8.326559
-5.210029, -8.292984
-5.235855, -8.242476
-5.253458, -8.223639
-5.266791, -8.232563
-5.284566, -8.243188
-5.306306, -8.254378
-5.32588, -8.267015
-5.323237, -8.282782
-5.269903, -8.293969
-5.229004, -8.302935
-5.234642, -8.319506
-5.253861, -8.33861
-5.275821, -8.354925
-5.29408, -8.367035
-5.312758, -8.37471
-5.325158, -8.378036
-5.325911, -8.378607
-5.310224, -8.377164
-5.280102, -8.36973
-5.24566, -8.350393
-5.210036, -8.315697
-5.178486, -8.269607
-5.154771, -8.218586
-5.154133, -8.167733
-5.156512, -8.121473
-5.156247, -8.08531
-5.154258, -8.056554
-5.154047, -8.036527
-5.145458, -8.029264
-5.131803, -8.035453
-5.112221, -8.051477
-5.094398, -8.070139
-5.0826, -8.08713
-5.070693, -8.103081
-5.061141, -8.120625
-5.058409, -8.137892
-5.062268, -8.153311
-5.066196, -8.166167
-5.06934, -8.171613
-5.073026, -8.170398
-5.077579, -8.164995
-5.083, -8.157054
-5.0874, -8.148275
-5.090426, -8.142813
-5.091531, -8.1415
-5.086509, -8.145477
-5.070451, -8.15809
-5.040672, -8.180585
-4.998282, -8.21385
-4.939158, -8.256808
-4.844861, -8.307988
-4.786639, -8.351231
-4.76335, -8.379923
-4.755902, -8.394673
-4.756947, -8.401223
-4.762729, -8.407578
-4.76191, -8.421408
-4.749853, -8.444647
-4.726216, -8.479546
-4.690281, -8.526359
-4.642058, -8.58679
-4.584668, -8.6602
-4.532856, -8.730704
-4.489029, -8.788118
-4.443981, -8.836542
-4.389221, -8.882566
-4.327184, -8.921824
-4.294821, -8.955512
-4.245629, -8.98419
-4.189169, -9.011874
-4.136869, -9.045052
-4.089448, -9.08415
-4.041585, -9.130723
-3.996703, -9.185572
-3.956263, -9.246594
-3.91777, -9.312411
-3.879507, -9.374762
-3.837718, -9.431368
-3.790124, -9.484032
-3.73813, -9.531672
-3.679858, -9.574369
-3.619529, -9.612619
-3.561861, -9.651293
-3.511087, -9.693049
-3.466954, -9.741356
-3.425808, -9.796989
-3.389447, -9.860366
-3.35413, -9.932223
-3.316711, -10.00794
-3.280311, -10.07571
-3.241839, -10.13825
-3.198488, -10.19516
-3.150042, -10.24927
-3.093351, -10.30119
-3.027606, -10.35174
-2.961309, -10.40157
-2.90147, -10.45072
-2.8516, -10.50314
-2.804515, -10.56006
-2.760707, -10.62059
-2.720877, -10.68958
-2.684992, -10.76634
-2.650631, -10.845
-2.619776, -10.91447
-2.590132, -10.96986
-2.556393, -11.01549
-2.520277, -11.05059
-2.480814, -11.07686
-2.436477, -11.09645
-2.384141, -11.11241
-2.330492, -11.12764
-2.276843, -11.14286
-2.229327, -11.1574
-2.230221, -11.1753
-2.247125, -11.1956
-2.264501, -11.21061
-2.280227, -11.22129
-2.294209, -11.23029
-2.308732, -11.24075
-2.323645, -11.25262
-2.33331, -11.26757
-2.335131, -11.28764
-2.331443, -11.31355
-2.321146, -11.34723
-2.302134, -11.38944
-2.276816, -11.43521
-2.24206, -11.48787
-2.202945, -11.5435
-2.169548, -11.59915
-2.144275, -11.65966
-2.124222, -11.72952
-2.110293, -11.80375
-2.103645, -11.88296
-2.10192, -11.96297
-2.096449, -12.03871
-2.083763, -12.10937
-2.065556, -12.17843
-2.040348, -12.24917
-2.007241, -12.32143
-1.964705, -12.39879
-1.918608, -12.47847
-1.884065, -12.55093
-1.861494, -12.62206
-1.846229, -12.69173
-1.835379, -12.77138
-1.832418, -12.84965
-1.835155, -12.93592
-1.839805, -13.0222
-1.841133, -13.10322
-1.838585, -13.17923
-1.832695, -13.25769
-1.824083, -13.33743
-1.812026, -13.42048
-1.798673, -13.50591
-1.790287, -13.59387
-1.790613, -13.67601
-1.796832, -13.75862
-1.806202, -13.84204
-1.826512, -13.92199
-1.848789, -14.0048
-1.866832, -14.07445
-1.876816, -14.13695
-1.876081, -14.19226
-1.868775, -14.23799
-1.86052, -14.271
-1.85376, -14.30023
-1.851618, -14.32689
-1.852533, -14.354
-1.854098, -14.38762
-1.855383, -14.42657
-1.852363, -14.47243
-1.84503, -14.51762
-1.836216, -14.55829
-1.83052, -14.587
-1.830927, -14.60225
-1.838568, -14.60772
-1.849456, -14.60729
-1.86177, -14.6033
-1.876669, -14.59355
-1.89417, -14.57338
-1.904592, -14.54887
-1.911891, -14.5291
-1.923581, -14.51059
-1.940279, -14.49266
-1.961859, -14.47954
-1.987206, -14.4696
-2.016385, -14.45733
-2.045731, -14.44305
-2.069227, -14.43069
-2.08894, -14.42003
-2.102666, -14.41139
-2.110557, -14.4057
-2.110426, -14.40469
-2.114763, -14.40787
-2.116704, -14.4147
-2.13206, -14.41508
-2.141315, -14.40712
-2.155913, -14.39254
-2.169551, -14.37874
-2.180394, -14.36646
-2.188561, -14.35447
-2.197561, -14.34307
-2.203654, -14.33742
-2.205304, -14.33542
-2.203413, -14.33816
-2.212106, -14.34143
-2.224076, -14.34464
-2.239301, -14.34935
-2.25868, -14.35531
-2.283926, -14.3648
-2.315879, -14.38208
-2.351764, -14.40899
-2.391619, -14.44504
-2.435431, -14.48948
-2.480534, -14.53562
-2.528362, -14.57471
-2.5799, -14.60736
-2.634492, -14.63519
-2.69176, -14.65796
-2.757931, -14.6755
-2.834266, -14.68356
-2.914711, -14.68269
-3.001567, -14.6777
-3.080687, -14.6753
-3.154376, -14.67695
-3.226342, -14.67984
-3.29679, -14.68677
-3.370565, -14.69868
-3.441536, -14.71698
-3.517385, -14.74064
-3.596984, -14.76211
-3.668297, -14.77868
-3.737179, -14.79128
-3.806758, -14.80022
-3.883224, -14.80593
-3.963763, -14.80463
-4.046233, -14.8003
-4.132479, -14.7966
-4.197896, -14.79839
-4.250299, -14.80686
-4.294924, -14.82355
-4.331759, -14.84693
-4.364795, -14.87654
-4.396094, -14.90857
-4.430591, -14.93289
-4.484258, -14.93647
-4.540718, -14.93749
-4.597179, -14.93851
-4.65364, -14.93953
-4.70812, -14.94051
-4.747015, -14.93616
-4.774832, -14.92721
-4.794166, -14.92169
-4.806197, -14.92068
-4.815232, -14.92423
-4.827241, -14.9288
-4.843287, -14.9292
-4.862377, -14.92384
-4.884658, -14.91667
-4.910093, -14.91773
-4.938927, -14.93135
-4.971148, -14.9562
-5.006053, -14.99386
-5.03925, -15.03946
-5.075649, -15.09236
-5.115211, -15.14399
-5.15908, -15.18638
-5.211035, -15.22233
-5.276925, -15.25295
-5.356999, -15.27523
-5.446345, -15.29142
-5.536368, -15.30686
-5.623432, -15.32857
-5.693873, -15.35308
-5.758095, -15.38326
-5.817418, -15.42165
-5.86795, -15.4703
-5.912108, -15.52644
-5.955201, -15.5871
-5.997704, -15.64228
-6.039007, -15.69519
-6.08069, -15.74916
-6.12711, -15.80736
-6.175714, -15.86173
-6.222543, -15.91875
-6.257557, -15.97195
-6.27833, -16.02167
-6.289705, -16.07057
-6.290147, -16.12194
-6.278553, -16.17214
-6.256994, -16.22113
-6.234978, -16.26749
-6.217804, -16.31134
-6.207866, -16.35359
-6.202577, -16.39898
-6.203284, -16.44683
-6.207002, -16.49006
-6.209117, -16.5254
-6.209415, -16.55078
-6.210168, -16.56503
-6.210802, -16.57029
-6.212283, -16.57044
-6.212816, -16.56773
-6.213033, -16.56486
-6.21281, -16.5616
-6.208653, -16.55654
-6.202508, -16.55234
-6.194326, -16.55315
-6.187916, -16.56067
-6.185758, -16.56594
-6.179863, -16.56251
-6.170311, -16.55393
-6.166601, -16.54084
-6.172953, -16.5213
-6.192711, -16.50021
-6.232035, -16.48295
-6.293573, -16.47657
-6.367083, -16.47981
-6.434084, -16.4896
-6.496997, -16.50531
-6.55273, -16.52374
-6.59568, -16.5477
-6.629648, -16.58238
-6.651855, -16.62702
-6.668032, -16.67806
-6.690627, -16.72507
-6.719279, -16.76415
-6.752003, -16.80119
-6.789575, -16.83885
-6.83676, -16.87679
-6.889246, -16.91568
-6.933243, -16.95898
-6.963014, -17.0046
-6.978237, -17.05779
-6.981506, -17.12054
-6.974376, -17.19773
-6.9609, -17.28768
-6.95339, -17.3764
-6.953509, -17.46436
-6.959692, -17.55494
-6.973557, -17.65132
-6.994566, -17.75103
-7.015366, -17.84917
-7.026829, -17.93666
-7.027339, -18.01586
-7.018687, -18.09166
-6.999233, -18.16782
-6.973085, -18.24541
-6.95055, -18.32092
-6.933176, -18.39338
-6.921211, -18.46535
-6.915628, -18.53958
-6.918114, -18.6164
-6.921394, -18.68707
-6.917186, -18.73476
-6.87019, -18.71987
-6.839537, -18.70664
-6.860271, -18.732
-6.885582, -18.76895
-6.906263, -18.81179
-6.925737, -18.85611
-6.93681, -18.89803
-6.930431, -18.94014
-6.907223, -18.9837
-6.866735, -19.02351
-6.815979, -19.05981
-6.76206, -19.10279
-6.718782, -19.15345
-6.682125, -19.22031
-6.646795, -19.30436
-6.619222, -19.39361
-6.602007, -19.4914
-6.583181, -19.60164
-6.55587, -19.71265
-6.520041, -19.81514
-6.466173, -19.91769
-6.398941, -20.01031
-6.322521, -20.1035
-6.258939, -20.19724
-6.210096, -20.29483
-6.168667, -20.39778
-6.134752, -20.51228
-6.103045, -20.6244
-6.060187, -20.73062
-6.012676, -20.82293
-5.955956, -20.91745
-5.884415, -21.01412
-5.807566, -21.11005
-5.739479, -21.21119
-5.68783, -21.31379
-5.643373, -21.42529
-5.607386, -21.54383
-5.575943, -21.66099
-5.537268, -21.77194
-5.489817, -21.87391
-5.437977, -21.96561
-5.370808, -22.06284
-5.298956, -22.15814
-5.236544, -22.25191
-5.185527, -22.34603
-5.150209, -22.41482
-5.147273, -22.42069
-5.147037, -22.42118
-5.133356, -22.45705
-5.110661, -22.51736
-5.088252, -22.5767
-5.064734, -22.63891
-5.041219, -22.70111
-5.017702, -22.76331
-4.994823, -22.82348
-4.9634, -22.88824
-4.932995, -22.94413
-4.919689, -22.98506
-4.924582, -23.01488
-4.939308, -23.03597
-4.943762, -23.05652
-4.931442, -23.08167
-4.906281, -23.11633
-4.873625, -23.16084
-4.829649, -23.21604
-4.813643, -23.28164
-4.821584, -23.34899
-4.829525, -23.41634
-4.837469, -23.48369
-4.844104, -23.53896
-4.842272, -23.55943
-4.830376, -23.56917
-4.815625, -23.5795
-4.805653, -23.59298
-4.801517, -23.60911
-4.796877, -23.62847
-4.775766, -23.65371
-4.73808, -23.68417
-4.690503, -23.71657
-4.635411, -23.753
-4.586398, -23.79191
-4.542136, -23.83904
-4.502298, -23.89509
-4.466193, -23.96007
-4.434086, -24.02812
-4.407095, -24.08389
-4.384869, -24.12351
-4.363513, -24.15215
-4.351548, -24.1736
-4.351757, -24.1857
-4.353252, -24.18534
-4.358759, -24.17736
-4.375455, -24.16212
-4.40072, -24.14285
-4.429166, -24.12129
-4.459491, -24.09666
-4.488129, -24.06998
-4.516249, -24.04934
-4.54172, -24.03895
-4.562803, -24.04055
-4.580235, -24.05118
-4.594945, -24.0688
-4.606083, -24.09093
-4.613642, -24.10858
-4.618715, -24.11349
-4.62571, -24.10867
-4.63525, -24.09957
-4.642682, -24.09328
-4.645972, -24.09184
-4.64748, -24.09389
-4.650243, -24.10037
-4.652213, -24.10991
-4.651173, -24.1151
-4.650634, -24.1172
-4.650827, -24.11663
-4.651414, -24.11413
-4.653221, -24.10598
-4.658079, -24.08578
-4.661167, -24.06029
-4.659748, -24.03634
-4.653996, -24.01411
-4.647404, -23.99023
-4.636462, -23.95788
-4.617623, -23.92232
-4.594915, -23.88551
-4.571052, -23.85593
-4.552331, -23.82612
-4.546814, -23.79588
-4.559146, -23.7651
-4.58316, -23.73643
-4.618102, -23.70462
-4.661001, -23.67013
-4.705913, -23.63145
-4.74195, -23.59056
-4.772254, -23.54535
-4.799676, -23.49702
-4.840168, -23.47637
-4.904489, -23.48324
-4.926406, -23.47536
-4.90534, -23.44902
-4.890589, -23.42522
-4.885683, -23.40356
-4.891354, -23.38366
-4.909875, -23.36041
-4.943515, -23.33224
-4.987558, -23.30091
-5.029757, -23.2669
-5.064573, -23.22431
-5.092671, -23.16577
-5.114049, -23.08582
-5.124774, -22.99268
-5.131599, -22.89584
-5.148787, -22.80803
-5.180037, -22.72243
-5.223028, -22.63955
-5.278486, -22.55583
-5.339937, -22.47493
-5.398248, -22.38853
-5.441007, -22.30214
-5.477549, -22.20753
-5.505975, -22.10816
-5.530237, -22.00377
-5.560308, -21.90352
-5.602066, -21.81317
-5.655924, -21.72473
-5.718979, -21.63418
-5.790825, -21.54292
-5.859306, -21.45037
-5.913751, -21.35342
-5.955151, -21.25544
-5.992411, -21.14598
-6.022512, -21.03623
-6.054224, -20.92578
-6.09474, -20.8259
-6.144479, -20.73099
-6.20256, -20.6398
-6.269976, -20.55132
-6.339132, -20.46275
-6.395773, -20.37197
-6.436585, -20.28525
-6.471781, -20.19397
-6.49509, -20.1021
-6.509671, -20.00609
-6.526418, -19.91724
-6.551437, -19.83085
-6.582561, -19.75531
-6.628798, -19.68102
-6.679514, -19.61844
-6.730394, -19.55344
-6.769351, -19.48828
-6.798771, -19.41712
-6.821203, -19.34535
-6.834613, -19.27618
-6.839858, -19.21102
-6.846566, -19.15693
-6.869709, -19.1225
-6.924309, -19.13191
-6.922642, -19.11534
-6.895471, -19.08771
-6.880629, -19.06429
-6.87672, -19.04894
-6.87486, -19.03642
-6.870483, -19.01873
-6.867095, -18.99343
-6.873736, -18.95815
-6.891389, -18.90905
-6.923259, -18.84715
-6.974912, -18.77516
-7.0308, -18.70464
-7.076443, -18.62857
-7.107681, -18.54134
-7.131649, -18.44804
-7.148876, -18.33517
-7.160367, -18.21822
-7.175537, -18.10216
-7.200307, -18.00346
-7.233519, -17.90558
-7.272102, -17.81114
-7.323049, -17.70794
-7.370909, -17.60593
-7.407652, -17.50015
-7.436164, -17.39085
-7.458993, -17.27691
-7.475589, -17.15302
-7.489846, -17.03356
-7.513479, -16.92263
-7.545999, -16.82119
-7.586506, -16.71962
-7.636019, -16.6218
-7.689832, -16.51966
-7.733054, -16.41885
-7.766354, -16.30942
-7.792762, -16.20078
-7.81358, -16.08087
-7.825698, -15.96267
-7.839945, -15.84391
-7.863043, -15.74269
-7.898881, -15.64349
-7.940624, -15.55021
-7.99382, -15.45405
-8.045136, -15.36677
-8.085732, -15.28323
-8.116004, -15.20446
-8.138496, -15.1177
-8.142476, -15.01878
-8.139343, -14.91486
-8.136932, -14.8195
-8.139792, -14.74023
-8.153607, -14.67226
-8.180649, -14.61411
-8.213873, -14.56066
-8.249482, -14.51087
-8.269117, -14.46838
-8.268426, -14.43675
-8.27735, -14.3876
-8.300027, -14.32453
-8.322701, -14.26146
-8.334071, -14.21427
-8.312726, -14.20865
-8.292837, -14.20796
-8.281798, -14.20562
-8.276759, -14.20347
-8.274269, -14.20465
-8.273491, -14.20816
-8.274317, -14.20627
-8.274899, -14.19899
-8.277332, -14.18542
-8.286729, -14.15905
-8.305066, -14.11816
-8.33482, -14.06141
-8.376794, -13.99146
-8.42586, -13.91086
-8.466868, -13.82712
-8.49401, -13.73826
-8.512648, -13.64014
-8.524231, -13.52985
-8.528951, -13.41419
-8.532336, -13.298
-8.545955, -13.19401
-8.570363, -13.09705
-8.605556, -12.99982
-8.651055, -12.90409
-8.700996, -12.80135
-8.73972, -12.69667
-8.766278, -12.5875
-8.778461, -12.47218
-8.780173, -12.34588
-8.781975, -12.22287
-8.793763, -12.11006
-8.820546, -12.00671
-8.866368, -11.89801
-8.928172, -11.79373
-9.003373, -11.68914
-9.067983, -11.59162
-9.119744, -11.49349
-9.162929, -11.393
-9.198773, -11.28247
-9.228049, -11.16668
-9.26282, -11.05047
-9.302724, -10.94864
-9.345298, -10.84844
-9.392965, -10.74473
-9.44662, -10.63695
-9.493974, -10.5278
-9.523126, -10.42261
-9.538371, -10.31882
-9.548454, -10.22827
-9.566922, -10.15151
-9.598062, -10.09169
-9.643851, -10.03569
-9.704364, -9.98475
-9.776618, -9.935882
-9.843946, -9.889334
-9.89465, -9.846341
-9.929813, -9.802342
-9.966248, -9.75016
-10.00309, -9.69739
-10.03993, -9.644618
-10.07678, -9.591846
-10.09677, -9.555501
-10.09579, -9.537689
-10.08754, -9.523091
-10.07382, -9.513853
-10.05876, -9.506174
-10.0413, -9.496858
-10.01562, -9.486353
-9.975202, -9.471959
-9.928428, -9.451465
-9.881655, -9.418894
-9.838721, -9.371948
-9.800851, -9.313406
-9.765165, -9.23808
-9.729397, -9.150106
-9.684588, -9.066039
-9.624103, -8.983932
-9.553444, -8.902033
-9.469831, -8.819462
-9.389194, -8.740531
-9.321303, -8.654084
-9.274078, -8.562755
-9.240817, -8.457241
-9.219891, -8.340984
-9.200784, -8.215093
-9.173613, -8.102603
-9.137806, -7.989159
-9.096149, -7.871278
-9.045663, -7.755913
-8.997714, -7.644334
-8.965201, -7.533674
-8.945962, -7.424421
-8.935502, -7.307977
-8.929038, -7.18895
-8.914479, -7.068157
-8.888093, -6.953549
-8.855702, -6.841115
-8.81956, -6.731875
-8.78266, -6.625551
-8.757092, -6.521809
-8.740302, -6.412417
-8.731128, -6.300745
-8.725282, -6.184943
-8.713732, -6.070017
-8.689222, -5.969162
-8.654399, -5.874394
-8.612326, -5.789399
-8.558467, -5.70859
-8.502978, -5.631283
-8.474893, -5.569032
-8.454439, -5.507819
-8.433988, -5.446604
-8.413535, -5.38539
-8.393082, -5.324176
-8.37437, -5.273669
-8.361452, -5.263031
-8.349255, -5.257309
-8.333858, -5.251797
-8.313316, -5.244873
-8.28806, -5.238133
-8.258247, -5.231159
-8.226751, -5.21366
-8.197208, -5.180577
-8.167098, -5.129956
-8.137666, -5.062919
-8.106702, -4.978165
-8.071101, -4.892635
-8.027431, -4.815658
-7.973579, -4.74115
-7.906858, -4.66362
-7.83416, -4.588504
-7.760292, -4.511963
-7.704191, -4.435529
-7.658769, -4.352308
-7.625054, -4.263159
-7.601643, -4.169853
-7.580975, -4.083107
-7.553908, -4.002267
-7.523731, -3.929631
-7.487485, -3.861425
-7.448898, -3.804784
-7.41874, -3.756592
-7.396385, -3.723143
-7.382473, -3.704873
-7.378922, -3.698232
-7.380081, -3.701241
-7.379979, -3.71572
-7.380501, -3.741409
-7.380501, -3.778435
-7.380094, -3.828103
-7.380448, -3.889936
-7.381608, -3.957629
-7.381037, -4.020697
-7.374368, -4.072899
-7.368692, -4.115047
-7.364651, -4.141586
-7.360675, -4.158257
-7.358014, -4.166992
-7.359472, -4.174476
-7.367806, -4.178934
-7.379326, -4.181274
-7.394651, -4.181379
-7.412666, -4.178399
-7.427623, -4.175457
-7.435359, -4.175044
-7.439162, -4.177321
-7.444278, -4.181006
-7.45512, -4.186337
-7.472455, -4.189961
-7.495245, -4.189301
-7.521395, -4.191549
-7.549752, -4.201827
-7.575294, -4.2198
-7.598802, -4.24763
-7.61956, -4.286098
-7.636714, -4.335251
-7.648888, -4.395612
-7.65984, -4.465248
-7.672755, -4.528059
-7.692099, -4.575106
-7.718561, -4.615491
-7.757954, -4.661084
-7.809316, -4.704686
-7.870167, -4.743351
-7.936793, -4.778227
-8.002588, -4.808441
-8.065937, -4.839837
-8.127332, -4.87514
-8.189331, -4.917388
-8.252694, -4.970112
-8.320412, -5.034491
-8.384101, -5.095254
-8.442098, -5.14135
-8.49717, -5.178906
-8.552246, -5.216461
-8.607318, -5.254015
-8.661752, -5.291133
-8.691335, -5.314106
-8.698153, -5.322309
-8.707398, -5.324013
-8.722319, -5.321609
-8.746619, -5.313277
-8.769423, -5.29413
-8.793666, -5.270494
-8.825356, -5.253034
-8.87367, -5.247355
-8.937799, -5.251367
-9.012548, -5.266247
-9.098792, -5.287531
-9.185267, -5.300804
-9.275281, -5.299659
-9.368258, -5.284495
-9.467219, -5.25494
-9.564664, -5.215791
-9.661422, -5.177199
-9.75478, -5.150784
-9.854333, -5.13611
-9.95921, -5.13406
-10.07516, -5.140357
-10.18798, -5.140377
-10.29216, -5.124072
-10.38874, -5.095427
-10.48883, -5.054403
-10.59274, -5.000425
-10.68981, -4.952932
-10.7803, -4.91951
-10.87693, -4.892755
-10.98276, -4.870404
-11.08704, -4.85465
-11.18054, -4.838046
-11.25817, -4.813605
-11.32579, -4.780478
-11.38863, -4.742088
-11.44916, -4.696612
-11.50573, -4.645339
-11.55752, -4.593787
-11.60675, -4.545795
-11.65104, -4.508242
-11.69349, -4.481341
-11.73632, -4.462616
-11.78588, -4.459328
-11.83919, -4.459037
-11.89249, -4.458744
-11.9458, -4.458453
-11.98472, -4.452136
-11.97563, -4.423907
-11.96444, -4.396683
-11.95404, -4.367331
-11.94776, -4.335037
-11.95138, -4.297984
-11.96596, -4.25386
-11.99261, -4.206236
-12.0324, -4.155319
-12.08375, -4.100221
-12.14175, -4.038896
-12.196, -3.973471
-12.24322, -3.901451
-12.28913, -3.819939
-12.33217, -3.736024
-12.37473, -3.641004
-12.41451, -3.547618
-12.45749, -3.464708
-12.5078, -3.388634
-12.55821, -3.324466
-12.61846, -3.261482
-12.68725, -3.202022
-12.75297, -3.147242
-12.80576, -3.094533
-12.84552, -3.04553
-12.87912, -2.996353
-12.90478, -2.941034
-12.92934, -2.874606
-12.95938, -2.803921
-12.99766, -2.740009
-13.04691, -2.67855
-13.10105, -2.623857
-13.16288, -2.579434
-13.23066, -2.542067
-13.30516, -2.507371
-13.38315, -2.464929
-13.45282, -2.404639
-13.5048, -2.331446
-13.54323, -2.251446
-13.56952, -2.168768
-13.59027, -2.081611
-13.60921, -2.008287
-13.63823, -1.943814
-13.67662, -1.879373
-13.71685, -1.817664
-13.76672, -1.749022
-13.8174, -1.682275
-13.86341, -1.620771
-13.90406, -1.560035
-13.93437, -1.503007
-13.96195, -1.43793
-13.9851, -1.360656
-14.00426, -1.281372
-14.02415, -1.203076
-14.0479, -1.133708
-14.07712, -1.058294
-14.1076, -0.9860996
-14.14257, -0.9088345
-14.17512, -0.8337451
-14.19984, -0.762795
-14.21307, -0.6919197
-14.21658, -0.6251252
-14.21232, -0.562552
-14.19879, -0.5038029
-14.18278, -0.4540965
-14.17377, -0.4108218
-14.17025, -0.375024
-14.17185, -0.3413911
-14.17842, -0.3073123
-14.19055, -0.2722341
-14.20741, -0.2356223
-14.23395, -0.199205
-14.27093, -0.1613383
-14.3079, -0.1234709
-14.34395, -0.08675279
-14.35756, -0.07750376
-14.3584, -0.08073082
-14.35597, -0.08276804
-14.35166, -0.08082104
-14.34175, -0.07455055
-14.32575, -0.06557431
-14.3056, -0.05354507
-14.28694, -0.03008646
-14.27308, 0.0047077
-14.26109, 0.0526811
-14.25318, 0.1085964
-14.2489, 0.1710888
-14.24481, 0.2374381
-14.2373, 0.298347
-14.22271, 0.3541082
-14.20327, 0.4074062
-14.17968, 0.4610944
-14.1518, 0.5183734
-14.12625, 0.579551
-14.10951, 0.6383771
-14.10397, 0.6937158
-14.09835, 0.7416886
-14.09762, 0.7889974
-14.11151, 0.8370141
-14.14081, 0.8875421
-14.1841, 0.9363168
-14.23402, 0.9830444
-14.28447, 1.032074
-14.32672, 1.079518
-14.36351, 1.134246
-14.39157, 1.196593
-14.40936, 1.269746
-14.4202, 1.356154
-14.4298, 1.441335
-14.44545, 1.520943
-14.46842, 1.592197
-14.49999, 1.655643
-14.54647, 1.71583
-14.60403, 1.763215
-14.67238, 1.802224
-14.74281, 1.836419
-14.80322, 1.867633
-14.85191, 1.897622
-14.89387, 1.929533
-14.93161, 1.966389
-14.96951, 2.013194
-15.00611, 2.0655
-15.03976, 2.114808
-15.07117, 2.153429
-15.09892, 2.178147
-15.12671, 2.193132
-15.1546, 2.198719
-15.18059, 2.196807
-15.20125, 2.188206
-15.2192, 2.177081
-15.23515, 2.169816
-15.24877, 2.167509
-15.25949, 2.172014
-15.27414, 2.183266
-15.29487, 2.201509
-15.31433, 2.223736
-15.33075, 2.245991
-15.34536, 2.267258
-15.35854, 2.287005
-15.37008, 2.309447
-15.37797, 2.333139
-15.38257, 2.352407
-15.38566, 2.366632
-15.38768, 2.374483
-15.39046, 2.378871
-15.39857, 2.38327
-15.41214, 2.389797
-15.43659, 2.39503
-15.47565, 2.396787
-15.53166, 2.392112
-15.60366, 2.377586
-15.68859, 2.354502
-15.7775, 2.330545
-15.8628, 2.314524
-15.94642, 2.30808
-16.04017, 2.307039
-16.13518, 2.31273
-16.23492, 2.326211
-16.3372, 2.341408
-16.432, 2.347481
-16.52298, 2.344976
-16.60994, 2.33582
-16.69805, 2.317723
-16.78794, 2.289788
-16.87849, 2.259429
-16.97487, 2.231464
-17.06742, 2.210042
-17.16107, 2.192632
-17.25702, 2.178207
-17.35349, 2.167742
-17.45327, 2.16088
-17.54817, 2.150382
-17.63369, 2.131504
-17.71505, 2.104055
-17.79119, 2.069457
-17.86681, 2.026083
-17.94038, 1.978193
-18.01046, 1.936899
-18.08031, 1.905182
-18.14838, 1.880746
-18.21715, 1.86026
-18.28858, 1.848679
-18.35792, 1.844599
-18.41968, 1.843246
-18.47216, 1.837859
-18.51911, 1.811918
-18.56552, 1.784061
-18.60063, 1.782962
-18.61669, 1.815078
-18.63166, 1.838406
-18.64611, 1.853783
-18.65943, 1.860508
-18.67704, 1.864386
-18.68922, 1.868375
-18.70323, 1.869127
-18.72184, 1.866195
-18.72773, 1.856504
-18.73336, 1.842677
-18.73498, 1.830051
-18.73795, 1.824497
-18.74263, 1.83185
-18.74763, 1.854526
-18.74589, 1.884318
-18.73851, 1.909927
-18.73493, 1.928969
-18.71018, 1.942245
-18.69612, 1.951058
-18.69072, 1.954887
-18.69585, 1.948527
-18.70894, 1.926927
-18.71954, 1.887861
-18.72496, 1.843677
-18.71528, 1.800253
-18.70843, 1.761135
-18.70154, 1.724886
-18.69861, 1.692436
-18.70675, 1.661474
-18.71154, 1.633342
-18.71108, 1.608993
-18.71701, 1.586625
-18.72781, 1.564187
-18.75954, 1.54352
-18.8083, 1.522496
-18.86288, 1.503441
-18.91248, 1.483325
-18.94707, 1.46505
-18.96343, 1.446873
-18.97792, 1.4354
-18.98679, 1.424895
-18.99012, 1.410982
-18.98606, 1.392058
-18.96784, 1.369528
-18.93667, 1.345569
-18.89527, 1.319535
-18.84944, 1.29076
-18.80847, 1.264451
-18.77509, 1.242096
-18.74943, 1.218371
-18.73105, 1.184297
-18.72116, 1.141364
-18.71409, 1.09332
-18.70532, 1.041102
-18.69511, 0.9880279
-18.68411, 0.935915
-18.67347, 0.8945793
-18.66532, 0.8547491
-18.65825, 0.8157337
-18.64397, 0.78116
-18.619, 0.7513397
-18.58146, 0.7257584
-18.53834, 0.7016579
-18.50108, 0.679575
-18.47193, 0.6600172
-18.45001, 0.6409655
-18.43712, 0.6236124
-18.43289, 0.6106631
-18.43444, 0.5989572
-18.43951, 0.5857359
-18.44366, 0.5694101
-18.44657, 0.5528639
-18.45091, 0.5384148
-18.45687, 0.526579
-18.46078, 0.5205113
-18.45684, 0.512198
-18.44559, 0.4975061
-18.42646, 0.4768848
-18.38226, 0.4513974
-18.33325, 0.4259712
-18.28423, 0.4005393
-18.2548, 0.3813278
-18.28043, 0.376197
-18.31609, 0.3721167
-18.35972, 0.3710279
-18.40635, 0.3740174
-18.45208, 0.3842472
-18.48478, 0.3948778
-18.50223, 0.3985578
-18.50604, 0.3966227
-18.5003, 0.3876492
-18.48985, 0.3704738
-18.47386, 0.3513983
-18.45181, 0.3345672
-18.42839, 0.3248159
-18.40616, 0.3193195
-18.38398, 0.3132219
-18.35948, 0.2991156
-18.33181, 0.2748248
-18.2967, 0.2413417
-18.25545, 0.2024927
-18.21363, 0.159751
-18.17599, 0.1134757
-18.14408, 0.05918569
-18.11367, -0.006893349
-18.08348, -0.083254
-18.05392, -0.1677898
-18.02353, -0.2571681
-17.98921, -0.3413212
-17.94603, -0.4191001
-17.89579, -0.4899479
-17.83656, -0.5598461
-17.76883, -0.6253101
-17.69634, -0.6829795
-17.62064, -0.7482172
-17.5596, -0.8179987
-17.51027, -0.8961418
-17.46796, -0.9867229
-17.43748, -1.095146
-17.41587, -1.21583
-17.39367, -1.328247
-17.36489, -1.430789
-17.32781, -1.527488
-17.28359, -1.617449
-17.22278, -1.713576
-17.14501, -1.807406
-17.08147, -1.900995
-17.02838, -1.996088
-16.9938, -2.082007
-16.96689, -2.18224
-16.9566, -2.280642
-16.95646, -2.380625
-16.95723, -2.473974
-16.9518, -2.556091
-16.9397, -2.644256
-16.92289, -2.732368
-16.89709, -2.82347
-16.86231, -2.921631
-16.82935, -3.018463
-16.8062, -3.114814
-16.79448, -3.198991
-16.78934, -3.283738
-16.79169, -3.365854
-16.80049, -3.448653
-16.80926, -3.529098
-16.81311, -3.60296
-16.81191, -3.677295
-16.80281, -3.757662
-16.7841, -3.843292
-16.76242, -3.934381
-16.74749, -4.012549
-16.74066, -4.07028
-16.7429, -4.11243
-16.75808, -4.160239
-16.77696, -4.213029
-16.79583, -4.26582
-16.81471, -4.31861
-16.83368, -4.370223
-16.85932, -4.376041
-16.89118, -4.350906
-16.92096, -4.31737
-16.94646, -4.278787
-16.96314, -4.250594
-16.978, -4.239413
-16.9932, -4.244705
-17.00516, -4.26095
-17.01366, -4.283899
-17.01783, -4.309658
-17.01935, -4.337193
-17.02074, -4.373135
-17.022, -4.414532
-17.02217, -4.461797
-17.02249, -4.51195
-17.02412, -4.565037
-17.03079, -4.616846
-17.04844, -4.666848
-17.08085, -4.71366
-17.13085, -4.760011
-17.19163, -4.804816
-17.26813, -4.850881
-17.35112, -4.894433
-17.4374, -4.943776
-17.52079, -4.995744
-17.59504, -5.052165
-17.66784, -5.121037
-17.73628, -5.192512
-17.80854, -5.256963
-17.88719, -5.309772
-17.96437, -5.353857
-18.05092, -5.395934
-18.14379, -5.431088
-18.23854, -5.458843
-18.32479, -5.484806
-18.40134, -5.51455
-18.48158, -5.552563
-18.55914, -5.595993
-18.64095, -5.64889
-18.72492, -5.702312
-18.80458, -5.748823
-18.88622, -5.78773
-18.96028, -5.815962
-19.03307, -5.839105
-19.10618, -5.859452
-19.18486, -5.875885
-19.26477, -5.89508
-19.34328, -5.923003
-19.42058, -5.95147
-19.49376, -5.980287
-19.56505, -6.011312
-19.63309, -6.04257
-19.686, -6.064579
-19.73123, -6.075389
-19.77647, -6.072044
-19.81714, -6.057508
-19.85661, -6.031612
-19.89538, -5.995803
-19.93374, -5.960641
-19.97647, -5.92739
-20.01896, -5.899027
-20.05739, -5.872587
-20.0813, -5.842909
-20.09035, -5.809032
-20.09014, -5.767342
-20.08164, -5.715486
-20.08205, -5.661798
-20.08641, -5.608416
-20.09078, -5.555035
-20.09513, -5.501652
-20.0988, -5.451369
-20.08705, -5.422898
-20.05917, -5.404296
-20.01649, -5.393595
-19.96701, -5.39405
-19.92173, -5.400926
-19.88482, -5.408801
-19.85991, -5.409701
-19.84538, -5.402278
-19.84108, -5.388204
-19.84434, -5.368672
-19.85716, -5.346897
-19.87874, -5.331005
-19.90611, -5.324544
-19.93128, -5.326455
-19.95075, -5.332563
-19.96728, -5.337869
-19.98246, -5.339393
-19.99889, -5.335777
-20.01794, -5.324636
-20.03997, -5.305581
-20.06958, -5.274453
-20.09934, -5.236588
-20.12513, -5.192473
-20.14657, -5.137401
-20.16246, -5.071488
-20.17233, -4.987536
-20.17476, -4.899172
-20.1744, -4.802933
-20.17742, -4.714658
-20.1884, -4.633813
-20.20807, -4.547387
-20.23349, -4.468485
-20.27121, -4.383109
-20.31824, -4.29172
-20.36086, -4.201268
-20.39511, -4.103001
-20.41858, -4.00784
-20.43969, -3.905612
-20.45626, -3.799326
-20.47283, -3.691215
-20.49853, -3.579098
-20.53446, -3.485124
-20.57788, -3.397885
-20.62697, -3.316469
-20.68814, -3.234395
-20.75203, -3.144266
-20.79496, -3.064096
-20.83186, -2.973767
-20.86537, -2.875947
-20.89128, -2.777679
-20.91078, -2.671659
-20.92639, -2.562871
-20.94787, -2.460637
-20.9713, -2.374549
-20.99998, -2.289612
-21.03407, -2.20385
-21.07446, -2.115615
-21.1129, -2.033431
-21.14238, -1.953998
-21.15885, -1.88144
-21.16945, -1.811926
-21.17273, -1.745337
-21.16658, -1.681071
-21.15461, -1.622691
-21.14046, -1.571688
-21.13208, -1.531774
-21.13536, -1.508954
-21.14904, -1.502318
-21.17064, -1.512459
-21.19053, -1.539038
-21.20649, -1.576213
-21.22104, -1.617976
-21.23519, -1.661051
-21.25233, -1.706785
-21.27247, -1.75369
-21.29451, -1.794275
-21.31728, -1.823711
-21.34109, -1.844523
-21.36613, -1.858372
-21.38912, -1.864717
-21.40727, -1.872512
-21.41146, -1.889067
-21.39723, -1.913528
-21.36353, -1.944513
-21.31891, -1.977521
-21.26626, -2.013303
-21.21423, -2.051835
-21.16857, -2.093269
-21.13066, -2.137831
-21.09746, -2.187698
-21.06942, -2.241931
-21.04324, -2.303799
-21.02456, -2.369701
-21.01462, -2.448721
-21.00794, -2.529909
-20.99608, -2.605816
-20.97616, -2.676785
-20.94844, -2.749223
-20.90773, -2.831854
-20.85777, -2.913637
-20.80426, -2.998176
-20.75986, -3.083663
-20.73285, -3.163385
-20.71673, -3.242334
-20.70905, -3.322161
-20.71163, -3.403286
-20.72277, -3.4885
-20.73363, -3.566673
-20.73964, -3.646628
-20.74334, -3.728045
-20.74982, -3.817216
-20.75944, -3.908637
-20.77766, -4.002176
-20.8073, -4.092449
-20.8474, -4.173032
-20.89758, -4.247166
-20.95531, -4.31342
-21.02025, -4.374026
-21.09453, -4.431715
-21.16718, -4.487222
-21.23368, -4.547261
-21.29767, -4.609526
-21.36298, -4.674775
-21.43329, -4.748269
-21.50593, -4.825067
-21.58139, -4.893855
-21.65979, -4.949314
-21.73835, -4.992476
-21.82488, -5.028161
-21.9179, -5.051904
-22.01719, -5.066218
-22.11509, -5.076617
-22.20288, -5.090484
-22.2916, -5.109026
-22.38049, -5.130661
-22.47363, -5.156991
-22.56977, -5.188776
-22.66218, -5.218018
-22.76255, -5.24191
-22.8593, -5.255227
-22.95519, -5.263864
-23.05268, -5.265923
-23.15116, -5.26125
-23.25143, -5.25719
-23.34205, -5.26055
-23.42606, -5.269986
-23.50853, -5.283708
-23.59347, -5.300695
-23.68051, -5.320666
-23.764, -5.340718
-23.83848, -5.354699
-23.90308, -5.343605
-23.95045, -5.313138
-23.99737, -5.282154
-24.04428, -5.25117
-24.0912, -5.220186
-24.13794, -5.189106
-24.16184, -5.1482
-24.16463, -5.111539
-24.16628, -5.091378
-24.17072, -5.084844
-24.18051, -5.083777
-24.19157, -5.081918
-24.20275, -5.08066
-24.21957, -5.085804
-24.24305, -5.098325
-24.27357, -5.123045
-24.30511, -5.154709
-24.33829, -5.189302
-24.37445, -5.225793
-24.41378, -5.258026
-24.45849, -5.278758
-24.51268, -5.286983
-24.57679, -5.284338
-24.6529, -5.270232
-24.73826, -5.247039
-24.82941, -5.220394
-24.91653, -5.200543
-25.00324, -5.190579
-25.09224, -5.188622
-25.1869, -5.193064
-25.28705, -5.203732
-25.38564, -5.21205
-25.48285, -5.211563
-25.57581, -5.203879
-25.67113, -5.19247
-25.77197, -5.174836
-25.8731, -5.153776
-25.97052, -5.137746
-26.06315, -5.129833
-26.15583, -5.126599
-26.24785, -5.126373
-26.33297, -5.127662
-26.41137, -5.123401
-26.48658, -5.111411
-26.55979, -5.096356
-26.63354, -5.080138
-26.7084, -5.064485
-26.77103, -5.050647
-26.81449, -5.049812
-26.83319, -5.064691
-26.82718, -5.088968
-26.79851, -5.114272
-26.75045, -5.134661
-26.6912, -5.145917
-26.63006, -5.15089
-26.57253, -5.154568
-26.52343, -5.161061
-26.48295, -5.176425
-26.4467, -5.204064
-26.41459, -5.246141
-26.38555, -5.30395
-26.35978, -5.373251
-26.33561, -5.455601
-26.31285, -5.545778
-26.29117, -5.628343
-26.26181, -5.709431
-26.22618, -5.785326
-26.18275, -5.863765
-26.13054, -5.9434
-26.07097, -6.025888
-26.01326, -6.112945
-25.9665, -6.202994
-25.92943, -6.295659
-25.89763, -6.392406
-25.8719, -6.494018
-25.84772, -6.600893
-25.81973, -6.697168
-25.78718, -6.78217
-25.75356, -6.859336
-25.71568, -6.941356
-25.6745, -7.027247
-25.62848, -7.116934
-25.58514, -7.209795
-25.54847, -7.304565
-25.51819, -7.403108
-25.49049, -7.512144
-25.46949, -7.621706
-25.45078, -7.738846
-25.43151, -7.853734
-25.40612, -7.956334
-25.37371, -8.05014
-25.33728, -8.13624
-25.29542, -8.21916
-25.24846, -8.300428
-25.20292, -8.379626
-25.1623, -8.459229
-25.13017, -8.535575
-25.10198, -8.616786
-25.07553, -8.70875
-25.04963, -8.80617
-25.01801, -8.895963
